codigo P;nombre P;cantidad;precio;bod;cant_real;
7702080520036;GUAYO TRAIN ELEMT TERRA USA10K EUR27,5;1;67300;TFG  ;1;
7702080520432;GUAYO TRAIN ELEMT TERRA USA13K EUR31;1;67300;TFG  ;1;
7702080521538;GUAYO TRAIN ELEMT AQUA USA13K EUR31;1;67300;TFG  ;1;
7702080522238;GUAYO TRAIN ELEMT VOLCANO USA10K EUR27,5;2;67300;TFG  ;2;
7702080523334;GUAYO TRAIN ELEMT TORNADO USA10K EUR27,5;1;67300;TFG  ;1;
7702080523730;GUAYO TRAIN ELEMT TORNADO USA13K EUR31;1;67300;TFG  ;1;
7702080524430;GUAYO TRAIN ELEMT METALLIC USA10K EUR27,5;1;67300;TFG  ;1;
7702080524836;GUAYO TRAIN ELEMT METALLIC USA13K EUR31;1;67300;TFG  ;1;
7702080526038;ZAP TORR TRAIN ELEMT TERRA USA4 1/2 EUR36,7;1;66500;TFG  ;1;
7702080526236;ZAP TORR TRAIN ELEMT AQUA USA13 1/2K EUR31,5;1;66500;TFG  ;1;
7702080527639;ZAP TORR TRAIN ELEMT TORNADO US13 1/2K EU31,5;1;66500;TFG  ;1;
7702080527837;ZAP TORR TRAIN ELEMT TORNADO US2 EU33,5;1;66500;TFG  ;1;
7702080528032;ZAP TORR TRAIN ELEMT TORNADO US4 EU36;1;66500;TFG  ;1;
7702080528339;ZAP TORR TRAIN ELEMT METALLIC US13 1/2K EU31,5;2;66500;TFG  ;2;
7702080528537;ZAP TORR TRAIN ELEMT METALLIC USA2 EU33,5;1;66500;TFG  ;1;
7702080528636;ZAP TORR TRAIN ELEMT METALLIC USA3 EU35;1;66500;TFG  ;1;
7702080528933;ZAP TORR TRAIN ELEMT METALLIC USA5 EUR37,3;1;66500;TFG  ;1;
7702080540034;GUAYO LETHAL PRO LIMON / AGUAMARINA 9;8;71500;TFG  ;8;
7702080540072;GUAYO COMP GOLTY DUAL II CAU VER/NEG 11 1/2;1;71500;TFG  ;1;
7702080540096;GUAYO FX VERDE LIMON / AZUL 9  (39.5) TPU;6;71500;TFG  ;6;
7702080540133;GUAYO LETHAL PRO LIMON / AGUAMARINA 9 1/2;2;71500;TFG  ;2;
7702080540171;GUAYO COMP GOLTY DUAL II CAU AMAR/NEG 7 1/2;1;67300;TFG  ;1;
7702080540195;GUAYO FX VERDE LIMON / AZUL 9 1/2 (40.5) TPU;1;71500;TFG  ;1;
7702080540232;GUAYO LETHAL PRO LIMON / AGUAMARINA 10;2;71500;TFG  ;2;
7702080540294;GUAYO FX VERDE LIMON / AZUL 10  (41.5) TPU;4;71500;TFG  ;4;
7702080540331;GUAYO LETHAL PRO LIMON / AGUAMARINA 11;2;71500;TFG  ;2;
7702080540393;GUAYO FX VERDE LIMON / AZUL 11  (42.5) TPU;4;71500;TFG  ;4;
7702080540430;GUAYO LETHAL PRO LIMON / AGUAMARINA 11 ½;1;71500;TFG  ;1;
7702080540492;GUAYO FX VERDE LIMON / AZUL 11 1/2 (43.5) TPU;2;71500;TFG  ;2;
7702080540515;GUAYO SUPERNOVA AZUL/VERDE 42           ;1;74500;TFG  ;1;
7702080540539;GUAYO LETHAL PRO VERDE/AZUL/NEGRO 7 1/2;2;71500;TFG  ;2;
7702080540638;GUAYO LETHAL PRO VERDE/AZUL/NEGRO 8;1;71500;TFG  ;0;
7702080540690;GUAYO FX AZUL CELESTE / GRIS 8  (38.5) TPU;1;71500;TFG  ;1;
7702080540737;GUAYO LETHAL PRO VERDE/AZUL/NEGRO 9;1;71500;TFG  ;1;
7702080540799;GUAYO FX AZUL CELESTE / GRIS 9  (39.5) TPU;6;71500;TFG  ;6;
7702080540812;GUAYO SUPERNOVA NEGRO/ROJO 38           ;1;74500;TFG  ;1;
7702080540836;GUAYO LETHAL PRO VERDE/AZUL/NEGRO 9 1/2;1;71500;TFG  ;1;
7702080540935;GUAYO LETHAL PRO VERDE/AZUL/NEGRO 10;3;71500;TFG  ;3;
7702080540959;GUAYO TRAIN GOLTY NEON VERDE/NAR 2;4;73000;TFG  ;4;
7702080540997;GUAYO FX AZUL CELESTE / GRIS 10  (41.5) TPU;2;71500;TFG  ;2;
7702080541031;GUAYO LETHAL PRO VERDE/AZUL/NEGRO 11;1;71500;TFG  ;1;
7702080541055;GUAYO TRAIN GOLTY NEON VERDE/NAR 2 1/2;1;73000;TFG  ;1;
7702080541130;GUAYO LETHAL PRO VERDE/AZUL/NEGRO 11 1/2;1;71500;TFG  ;1;
7702080541192;GUAYO FX AZUL CELESTE / GRIS 11 1/2 (43.5) TPU;2;71500;TFG  ;2;
7702080541253;GUAYO TRAIN GOLTY NEON VERDE/NAR 4 1/2;1;73000;TFG  ;1;
7702080541307;ZAPAT TORR FX VIOLETA / MAGENTA 8  (38.5) 2a;1;71500;TFG  ;1;
7702080541376;GUAYO COMP GOLTY DUAL II CAU AZUL/AZUL CELSTE 11 (42.5);1;67300;TFG  ;1;
7702080541451;ZAP. TORR TRAIN GOLTY NEON NAR/VERDE 13K;3;78000;TFG  ;3;
7702080541499;ZAPAT TORR FX VIOLETA / MAGENTA 9  (39.5);1;71500;TFG  ;1;
7702080541505;ZAP TORR FX VIOLETA / MAGENTA 9 1/2 (40.5) 2a;1;71500;TFG  ;1;
7702080541550;GUAYO COMP GOLTY DUAL II CAU VER/NEG 7 1/2;1;67300;TFG  ;1;
7702080541598;ZAPAT TORR FX VIOLETA / MAGENTA 9 1/2 (40.5);1;71500;TFG  ;1;
7702080541697;ZAPAT TORR FX VIOLETA / MAGENTA 10  (41.5);2;71500;TFG  ;2;
7702080541796;ZAPAT TORR FX VIOLETA / MAGENTA 11  (42.5);4;71500;TFG  ;4;
7702080541895;ZAPAT TORR FX VIOLETA / MAGENTA 11 1/2 (43.5);1;71500;TFG  ;1;
7702080541932;GUAYO LETHAL PRO NARANJA / VERDE/NEGRO 7 1/2;5;71500;TFG  ;5;
7702080541994;ZAPAT TORR FX GRIS / NARANJA 7 1/2 (37.5);2;71500;TFG  ;2;
7702080542076;GUAYO TRAIN GOLTY NEON NAR/VERDE 13K;1;73000;TFG  ;1;
7702080542137;GUAYO LETHAL PRO NARANJA / VERDE/NEGRO 9;2;71500;TFG  ;2;
7702080542175;GUAYO TRAIN GOLTY NEON NAR/VERDE 1;3;73000;TFG  ;3;
7702080542236;GUAYO LETHAL PRO NARANJA / VERDE/NEGRO 9 1/2;1;71500;TFG  ;1;
7702080542274;GUAYO TRAIN GOLTY NEON NAR/VERDE 2;3;73000;TFG  ;3;
7702080542298;ZAPAT TORR FX GRIS / NARANJA 9 1/2 (40.5);2;71500;TFG  ;2;
7702080542335;GUAYO LETHAL PRO NARANJA / VERDE/NEGRO 10;1;71500;TFG  ;1;
7702080542359;GUAYO KONTROLLE VERDE LIMON/AZUL 9 (39.5);1;67300;TFG  ;1;
7702080542397;ZAPAT TORR FX GRIS / NARANJA 10  (41.5);1;71500;TFG  ;1;
7702080542403;ZAPAT TORR FX GRIS / NARANJA 11  (42.5) 2a;1;71500;TFG  ;1;
7702080542458;GUAYO KONTROLLE VERDE LIM/AZUL 9 1/2 (40.5);2;67300;TFG  ;2;
7702080542496;ZAPAT TORR FX GRIS / NARANJA 11  (42.5);1;71500;TFG  ;1;
7702080542557;GUAYO KONTROLLE VERDE LIM/AZUL 10 (41.5);1;67300;TFG  ;1;
7702080542595;ZAPAT TORR FX GRIS / NARANJA 11 1/2 (43.5);1;71500;TFG  ;1;
7702080542656;GUAYO KONTROLLE  VERDE LIMON/AZUL 11 (42.5);1;67300;TFG  ;1;
7702080542694;ZAPAT TORR FX VERDE LIMON / AZUL 7 1/2 (37.5);1;71500;TFG  ;1;
7702080542854;GUAYO KONTROLLE GRIS/NEGRO 7 1/2 (37.5);1;67300;TFG  ;1;
7702080542892;ZAPAT TORR FX VERDE LIMON / AZUL 9  (39.5);1;71500;TFG  ;1;
7702080542953;GUAYO KONTROLLE GRIS/NEGRO 8 (38.5);2;67300;TFG  ;2;
7702080542991;ZAPAT TORR FX VERDE LIMON / AZUL 9 1/2 (40.5);1;71500;TFG  ;1;
7702080543035;ZAP. TURF LETHAL PRO LIMON / AGUAMARINA 10;1;71500;TFG  ;1;
7702080543059;GUAYO KONTROLLE GRIS/NEGRO 9 (39.5);1;67300;TFG  ;1;
7702080543097;ZAPAT TORR FX VERDE LIMON / AZUL 10  (41.5);1;71500;TFG  ;1;
7702080543134;ZAP. TURF LETHAL PRO LIMON / AGUAMARINA 11;4;71500;TFG  ;4;
7702080543158;GUAYO KONTROLLE GRIS/NEGRO 9 1/2 (40.5);1;67300;TFG  ;1;
7702080543196;ZAPAT TORR FX VERDE LIMON / AZUL 11  (42.5);1;71500;TFG  ;1;
7702080543233;ZAP. TURF LETHAL PRO LIMON / AGUAMARINA 11 ½;4;71500;TFG  ;4;
7702080543257;GUAYO KONTROLLE GRIS/NEGRO 10 (41.5);1;67300;TFG  ;1;
7702080543271;GUAYO TRAIN GOLTY NEON VERDE/MORADO 4 1/2;1;73000;TFG  ;1;
7702080543295;ZAPAT TORR FX VERDE LIMON / AZUL 11 1/2 (43.5);1;71500;TFG  ;1;
7702080543356;GUAYO KONTROLLE GRIS/NEGRO 11 (42.5);1;67300;TFG  ;1;
7702080543455;GUAYO KONTROLLE GRIS/NEGRO 11 1/2 (43.5);1;67300;TFG  ;1;
7702080543578;GUAYO TRAIN GOLTY NEON AMAR/AZUL 1;3;73000;TFG  ;3;
7702080543653;GUAYO KONTROLLE NARANJA/VERDE LIMON 8 (38.5);1;67300;TFG  ;1;
7702080543677;GUAYO TRAIN GOLTY NEON AMAR/AZUL 2;6;73000;TFG  ;6;
7702080543752;GUAYO KONTROLLE NARANJA/VERDE LIM 9 (39.5);1;67300;TFG  ;1;
7702080543837;ZAP, TURF  LETHAL PRO VERDE/AZUL/NEGRO 11;1;71500;TFG  ;1;
7702080543851;GUAYO KONTROLLE NAR/VERDE LIM 9 1/2 (40.5);1;67300;TFG  ;1;
7702080543899;ZAPAT TORR FX AZUL CELESTE / GRIS 11  (42.5);1;71500;TFG  ;1;
7702080543974;GUAYO TRAIN GOLTY NEON AMAR/AZUL 4 1/2;1;73000;TFG  ;1;
7702080544001;ZAPAT LISA FX VIOLETA / MAGENTA 7 1/2 (37.5) 2a;1;71500;TFG  ;1;
7702080544100;ZAPAT LISA FX VIOLETA / MAGENTA 8  (38.5) 2a;1;71500;TFG  ;1;
7702080544209;ZAPAT LISA FX VIOLETA / MAGENTA 9  (39.5) 2a;1;71500;TFG  ;1;
7702080544599;ZAPAT LISA FX VIOLETA / MAGENTA 11  (42.5);1;71500;TFG  ;1;
7702080544902;ZAPAT LISA FX GRIS / NARANJA 9  (39.5) 2a;1;71500;TFG  ;1;
7702080544995;ZAPAT LISA FX GRIS / NARANJA 9  (39.5);1;71500;TFG  ;1;
7702080545091;ZAPAT LISA FX GRIS / NARANJA 9 1/2 (40.5);1;71500;TFG  ;1;
7702080545190;ZAPAT LISA FX GRIS / NARANJA 10  (41.5);1;71500;TFG  ;1;
7702080545206;GUAYO COMP GOLTY DUAL II CAU NEG/BLA 11;1;67300;TFG  ;1;
7702080545336;ZAP. TURF  LETHAL PRO NARANJA/VERDE/NEGRO 11 1/2;2;71500;TFG  ;2;
7702080545398;ZAPAT LISA FX GRIS / NARANJA 11 1/2 (43.5);1;71500;TFG  ;1;
7702080545404;GUAYO COMP GOLTY DUAL II TPU VER/NEG 8;1;67300;TFG  ;1;
7702080545695;ZAPAT LISA FX VERDE LIMON / AZUL 9  (39.5);1;71500;TFG  ;1;
7702080545732;ZAP. LISA LETHAL PRO LIMON / AGUAMARINA 9 ½;3;71500;TFG  ;3;
7702080545794;ZAPAT LISA FX VERDE LIMON / AZUL 9 1/2 (40.5);2;71500;TFG  ;2;
7702080545831;ZAP. LISA LETHAL PRO LIMON / AGUAMARINA 10;4;71500;TFG  ;4;
7702080545893;ZAPAT LISA FX VERDE LIMON / AZUL 10  (41.5);3;71500;TFG  ;3;
7702080545992;ZAPAT LISA FX VERDE LIMON / AZUL 11  (42.5);1;71500;TFG  ;1;
7702080546005;ZAPAT LISA FX VERDE LIMON / AZUL 11 1/2 (43.5) 2a;1;71500;TFG  ;1;
7702080546098;ZAPAT LISA FX VERDE LIMON / AZUL 11 1/2 (43.5);3;71500;TFG  ;3;
7702080546104;GUAYO COMP GOLTY DUAL II TPU VER/NGR 9 1/2 (40.5);3;67300;TFG  ;3;
7702080546203;GUAYO COMP GOLTY DUAL II TPU VER/NEG 10;2;67300;TFG  ;2;
7702080546593;ZAPAT LISA FX AZUL CELESTE / GRIS 10  (41.5);1;71500;TFG  ;1;
7702080546739;ZAP LISA  LETHAL PRO VERDE/AZUL/NEGRO 11 1/2;1;71500;TFG  ;1;
7702080546791;ZAPAT LISA FX AZUL CELESTE / GRIS 11 1/2 (43.5);2;71500;TFG  ;2;
7702080547606;GUAYO COMP GOLTY DUAL II TPU AMAR/NEG 10;1;67300;TFG  ;1;
7702080547705;GUAYO COMP GOLTY DUAL II TPU AMAR/NGR 11 (42.5);1;67300;TFG  ;1;
7702080547873;ZAPAT LISA KONTROLLE NEGRO/ NARANJA  8 (38.5);2;67300;TFG  ;2;
7702080548405;GUAYO COMP GOLTY DUAL II TPU AZUL/AZUL CELS 10;2;67300;TFG  ;2;
7702080548474;GUAYO FX VIOLETA / MAGENTA 7 1/2 (37.5) TPU;2;71500;TFG  ;2;
7702080548573;GUAYO FX VIOLETA / MAGENTA 8  (38.5) TPU;2;71500;TFG  ;2;
7702080548672;GUAYO FX VIOLETA / MAGENTA 9  (39.5) TPU;2;71500;TFG  ;2;
7702080548771;GUAYO FX VIOLETA / MAGENTA 9 1/2 (40.5) TPU;1;71500;TFG  ;1;
7702080548832;GUAYO GAMERS AZUL / NEGRO  2;3;65600;TFG  ;3;
7702080548870;GUAYO FX VIOLETA / MAGENTA 10  (41.5) TPU;1;71500;TFG  ;1;
7702080548979;GUAYO FX VIOLETA / MAGENTA 11  (42.5) TPU;1;71500;TFG  ;1;
7702080549006;GUAYO COMP GOLTY DUAL II TPU NEG/BLA 8;2;67300;TFG  ;2;
7702080549075;GUAYO FX VIOLETA / MAGENTA 11 1/2 (43.5) TPU;1;71500;TFG  ;1;
7702080549174;GUAYO FX GRIS / NARANJA 7 1/2 (37.5) TPU;3;71500;TFG  ;3;
7702080549204;GUAYO COMP GOLTY DUAL II TPU NEG/BLA 9 1/2;2;67300;TFG  ;2;
7702080549273;GUAYO FX GRIS / NARANJA 8  (38.5) TPU;6;71500;TFG  ;6;
7702080549303;GUAYO COMP GOLTY DUAL II TPU NEG/BLA 10;1;67300;TFG  ;1;
7702080549372;GUAYO FX GRIS / NARANJA 9  (39.5) TPU;2;71500;TFG  ;2;
7702080549432;GUAYO GAMERS ROJO / AZUL / NEGRO  2;2;65600;TFG  ;2;
7702080549471;GUAYO FX GRIS / NARANJA 9 1/2 (40.5) TPU;1;71500;TFG  ;0;
7702080549679;GUAYO FX GRIS / NARANJA 11  (42.5) TPU;1;71500;TFG  ;1;
7702080549709;GUAYO COMP GOLTY DUAL II TPU NGR/BCO 11 (42.5);1;67300;TFG  ;1;
7702080549778;GUAYO FX GRIS / NARANJA 11 1/2 (43.5) TPU;2;71500;TFG  ;2;
7702080549815;GUAYO LETHAL PRO LIMON / AGUAMARINA 7 1/2;2;71500;TFG  ;1;
7702080549877;GUAYO FX VERDE LIMON / AZUL 7 1/2 (37.5) TPU;1;71500;TFG  ;1;
7702080549914;GUAYO LETHAL PRO LIMON / AGUAMARINA 8;2;71500;TFG  ;2;
7702080549976;GUAYO FX VERDE LIMON / AZUL 8  (38.5) TPU;1;71500;TFG  ;1;
7702080550057;ZAP. LISA TRAIN GOLTY NEON AMAR/AZUL 1;1;78000;TFG  ;1;
7702080550156;ZAP. LISA TRAIN GOLTY NEON AMAR/AZUL 2;1;78000;TFG  ;1;
7702080550255;ZAP. LISA TRAIN GOLTY NEON AMAR/AZUL 2 1/2;1;78000;TFG  ;1;
7702080550354;ZAP. LISA TRAIN GOLTY NEON AMAR/AZUL 3 1/2;1;78000;TFG  ;1;
7702080550576;ZAP. LISA COMP GOLTY DUAL II AZUL/AZUL CEL 11 1/2;1;67300;TFG  ;1;
7702080551351;ZAP. LISA TRAIN GOLTY NEON VER/NAR 13K;1;78000;TFG  ;1;
7702080551450;ZAP. LISA TRAIN GOLTY NEON VER/NAR 1;1;78000;TFG  ;1;
7702080551559;ZAP. LISA TRAIN GOLTY NEON VER/NAR 2;1;78000;TFG  ;1;
7702080551658;ZAP. LISA TRAIN GOLTY NEON VER/NAR 2 1/2;1;78000;TFG  ;1;
7702080551757;ZAP. LISA TRAIN GOLTY NEON VER/NAR 3 1/2;1;78000;TFG  ;1;
7702080554451;ZAP. TORR TRAIN GOLTY NEON NAR/VER 1;2;78000;TFG  ;2;
7702080554550;ZAP. TORR TRAIN GOLTY NEON NAR/VER 2;2;78000;TFG  ;2;
7702080554659;ZAP. TORR TRAIN GOLTY NEON NAR/VER 2 1/2;1;78000;TFG  ;1;
7702080554758;ZAP. TORR TRAIN GOLTY NEON NAR/VER 3 1/2;1;78000;TFG  ;1;
7702080554857;ZAP. TORR TRAIN GOLTY NEON NAR/VER 4 1/2;3;78000;TFG  ;3;
7702080554956;ZAP. TORR TRAIN GOLTY NEON NAR/VER 5;2;78000;TFG  ;2;
7702080555250;ZAP. TORR TRAIN GOLTY NEON VER/MOR 2;1;78000;TFG  ;1;
7702080555939;GUAYO GAMERS AZUL / VERDE / NEGRO 13;3;65600;TFG  ;3;
7702080556035;GUAYO GAMERS AZUL / VERDE / NEGRO 1;5;65600;TFG  ;5;
7702080556059;ZAP. TORR TRAIN GOLTY NEON VER/MOR 2 1/2;1;78000;TFG  ;1;
7702080556158;ZAP. TORR TRAIN GOLTY NEON VER/MOR 3 1/2;1;78000;TFG  ;1;
7702080556257;ZAP. TORR TRAIN GOLTY NEON VER/MOR 4 1/2;3;78000;TFG  ;3;
7702080556356;ZAP. TORR TRAIN GOLTY NEON VER/MOR 5;2;78000;TFG  ;2;
7702080556455;ZAP. TORR TRAIN GOLTY NEON AMAR/AZUL 13K;1;78000;TFG  ;1;
7702080556653;ZAP. TORR TRAIN GOLTY NEON AMAR/AZUL 2;2;78000;TFG  ;2;
7702080556752;ZAP. TORR TRAIN GOLTY NEON AMAR/AZUL 2 1/2;2;78000;TFG  ;2;
7702080556851;ZAP. TORR TRAIN GOLTY NEON AMAR/AZUL 3 1/2;3;78000;TFG  ;3;
7702080556950;ZAP. TORR TRAIN GOLTY NEON AMAR/AZUL 4 1/2;1;78000;TFG  ;1;
7702080557056;ZAP. TORR TRAIN GOLTY NEON AMAR/AZUL 5;3;78000;TFG  ;3;
7702080558350;ZAP. TORR TRAIN GOLTY NEON VER/NAR 4 1/2;2;78000;TFG  ;2;
7702080558558;ZAP. LISA TRAIN GOLTY NEON NAR/VER 13K;1;78000;TFG  ;1;
7702080558657;ZAP. LISA TRAIN GOLTY NEON NAR/VER 1;1;78000;TFG  ;1;
7702080558756;ZAP. LISA TRAIN GOLTY NEON NAR/VER 2;1;78000;TFG  ;1;
7702080558855;ZAP. LISA TRAIN GOLTY NEON NAR/VER 2 1/2;1;78000;TFG  ;1;
7702080559234;GUAYO GAMERS ROJO / AZUL / NEGRO  13;5;65600;TFG  ;5;
7702080559357;ZAP. LISA TRAIN GOLTY NEON VER/MOR 1;1;78000;TFG  ;1;
7702080559456;ZAP. LISA TRAIN GOLTY NEON VER/MOR 2;1;78000;TFG  ;1;
7702080559555;ZAP. LISA TRAIN GOLTY NEON VER/MOR 2 1/2;1;78000;TFG  ;1;
7702080559654;ZAP. LISA TRAIN GOLTY NEON VER/MOR 3 1/2;1;78000;TFG  ;1;
7702080559753;ZAP. LISA TRAIN GOLTY NEON VER/MOR 4 1/2;1;78000;TFG  ;1;
7702080559838;GUAYO GAMERS ROJO / AZUL / NEGRO  5;1;78000;TFG  ;1;
7702080559852;ZAP. LISA TRAIN GOLTY NEON VER/MOR 5;1;78000;TFG  ;1;
7702080559937;ZAP. TURF GAMERS AZUL/NEGRO 13;1;73300;TFG  ;1;
7702080559951;ZAP. LISA TRAIN GOLTY NEON AMAR/AZUL 13K;1;78000;TFG  ;1;
7702080560131;ZAP. TURF GAMERS AZUL/NEGRO 2;1;73300;TFG  ;1;
7702080560452;GUAYO CLASSICS  VERDE LIMON/AZUL 10 TPU;1;67300;TFG  ;1;
7702080560759;GUAYO CLASSICS AZUL/VERDE 7 1/2 TPU;1;67300;TFG  ;1;
7702080560858;GUAYO CLASSICS AZUL/VERDE 8 TPU;1;67300;TFG  ;1;
7702080561053;GUAYO CLASSICS AZUL/VERDE 9 1/2 TPU;1;67300;TFG  ;1;
7702080561152;GUAYO CLASSICS AZUL/VERDE 10 TPU;1;67300;TFG  ;1;
7702080561534;ZAP. TURF GAMERS AZUL / VERDE / NEGRO 2;3;73300;TFG  ;3;
7702080561756;GUAYO CLASSICS  NARANJA/AMARILLO 9 1/2 TPU;1;67300;TFG  ;1;
7702080562357;GUAYO CLASSICS BLANCO/PLATA 9 TPU;1;67300;TFG  ;1;
7702080562852;GUAYO  G-RACER VERDE/AZUL 13;5;78500;TFG  ;5;
7702080562951;GUAYO  G-RACER VERDE/AZUL 1;5;78500;TFG  ;5;
7702080563057;GUAYO  G-RACER VERDE/AZUL 2;3;78500;TFG  ;3;
7702080563552;GUAYO  G-RACER AMARILLO/NEGRO 13;8;78500;TFG  ;8;
7702080563637;ZAP. TURF GAMERS ROJO/AZUL/NEGRO 2;1;73300;TFG  ;1;
7702080563651;GUAYO  G-RACER AMARILLO/NEGRO 1;8;78500;TFG  ;8;
7702080564139;ZAP. LISA GAMERS AZUL / NEGRO 13;1;73300;TFG  ;1;
7702080564238;ZAP. LISA GAMERS AZUL / NEGRO 1;1;73300;TFG  ;1;
7702080564252;GUAYO  G-RACER GRIS/NEGRO/AZUL 13;7;78500;TFG  ;7;
7702080564337;ZAP. LISA GAMERS AZUL / NEGRO 2;1;73300;TFG  ;1;
7702080564351;GUAYO  G-RACER GRIS/NEGRO/AZUL 1;1;78500;TFG  ;1;
7702080564450;GUAYO  G-RACER GRIS/NEGRO/AZUL 2;8;78500;TFG  ;8;
7702080564535;ZAP. LISA GAMERS AZUL / NEGRO 3 ½;1;73300;TFG  ;1;
7702080564634;ZAP. LISA GAMERS AZUL/NEGRO / PLATA 4 1/2;1;73300;TFG  ;1;
7702080564832;ZAP. LISA GAMERS AMARILLO/NEGRO 13;1;73300;TFG  ;1;
7702080564931;ZAP. LISA GAMERS AMARILLO/NEGRO 1;1;73300;TFG  ;1;
7702080564955;GUAYO  G-RACER GRIS/NARANJA 13;7;78500;TFG  ;7;
7702080565037;ZAP. LISA GAMERS AMARILLO/NEGRO 2;1;73300;TFG  ;1;
7702080565136;ZAP. LISA GAMERS AMARILLO/NEGRO 2 ½;1;73300;TFG  ;1;
7702080565150;GUAYO  G-RACER GRIS/NARANJA 2;6;78500;TFG  ;6;
7702080565235;ZAP. LISA GAMERS AMARILLO/NEGRO 3 ½;1;73300;TFG  ;1;
7702080565433;ZAP. LISA GAMERS AMARILLO/NEGRO 5;1;73300;TFG  ;1;
7702080565556;GUAYO  G-RACER GRIS/NARANJA 5;1;78500;TFG  ;1;
7702080565938;ZAP. LISA GAMERS AZUL / VERDE / NEGRO 3 ½;1;73300;TFG  ;1;
7702080566652;ZAPATILLA LISA G-RACER AMARILLO/NEGRO 2 1/2;1;85000;TFG  ;1;
7702080567352;ZAPATILLA LISA G-RACER GRIS/NEGRO/AZUL 2 1/2;1;85000;TFG  ;1;
7702080567635;ZAP. LISA GAMERS ROJO/AZUL/NEGRO 13;1;73300;TFG  ;1;
7702080567734;ZAP. LISA GAMERS ROJO/AZUL/NEGRO 1;1;73300;TFG  ;1;
7702080567758;ZAPATILLA LISA G-RACER GRIS/NARANJA 13;1;85000;TFG  ;1;
7702080567932;ZAP. LISA GAMERS ROJO/AZUL/NEGRO 2 ½;1;73300;TFG  ;1;
7702080568434;GUAYO CLASSICS  VERDE LIMON/AZUL 8 CAUCHO;1;67300;TFG  ;1;
7702080568731;GUAYO CLASSICS  VERDE LIMON/AZUL 10 CAUCHO;1;67300;TFG  ;1;
7702080568939;GUAYO CLASSICS  VERDE LIMON/AZUL 11 1/2 CAUCHO;1;67300;TFG  ;1;
7702080572073;ZAP LISA PROF GOLTY CLEVER NAR/AZL 9;1;71500;TFG  ;1;
7702080572257;GUAYO PROF GOLTY CLEVER GRIS VER/AZL 8;4;71500;TFG  ;4;
7702080572356;GUAYO PROF GOLTY CLEVER GRIS VER/AZL 9;3;71500;TFG  ;3;
7702080572455;GUAYO PROF GOLTY CLEVER GRIS VER/AZL 9 1/2;4;71500;TFG  ;4;
7702080572554;GUAYO PROF GOLTY CLEVER GRIS VER/AZL 10;3;71500;TFG  ;3;
7702080572653;GUAYO PROF GOLTY CLEVER GRIS VER/AZUL 11 (42.5);1;71500;TFG  ;1;
7702080572752;GUAYO PROF GOLTY CLEVER   GRIS VER/AZL 11 1/2;2;71500;TFG  ;2;
7702080572851;GUAYO PROF GOLTY CLEVER GRIS/NE 7 1/2;2;71500;TFG  ;2;
7702080572875;GUAYO TRAIN GOLTY NEON VERDE/MORADO 1;7;73000;TFG  ;7;
7702080572950;GUAYO PROF GOLTY CLEVER GRIS/NE 8;2;71500;TFG  ;2;
7702080572974;GUAYO TRAIN GOLTY NEON VERDE/MORADO 2;6;73000;TFG  ;6;
7702080573551;GUAYO PROF GOLTY CLEVER AZL/AMA 7 1/2;1;71500;TFG  ;1;
7702080573650;GUAYO PROF GOLTY CLEVER AZL/AMA 8;2;71500;TFG  ;2;
7702080573711;GUAYO CLASSICS AZUL/VERDE 7 1/2 CAUCHO;1;67300;TFG  ;1;
7702080573759;GUAYO PROF GOLTY CLEVER AZL/AMA 9;2;71500;TFG  ;2;
7702080573810;GUAYO CLASSICS AZUL/VERDE 8 CAUCHO;1;67300;TFG  ;1;
7702080573858;GUAYO PROF GOLTY CLEVER AZL/AMA 9 1/2;2;71500;TFG  ;2;
7702080573957;GUAYO PROF GOLTY CLEVER AZL/AMA 10;2;71500;TFG  ;2;
7702080574015;GUAYO CLASSICS AZUL/VERDE 9 1/2 CAUCHO;2;67300;TFG  ;2;
7702080574114;GUAYO CLASSICS AZUL/VERDE 10 CAUCHO;1;67300;TFG  ;1;
7702080574251;GUAYO PROF GOLTY CLEVER NAR/AZL 7 1/2;1;71500;TFG  ;1;
7702080574350;GUAYO PROF GOLTY CLEVER NAR/AZL 8;2;71500;TFG  ;2;
7702080574459;GUAYO PROF GOLTY CLEVER NAR/AZL 9;1;71500;TFG  ;1;
7702080574558;GUAYO PROF GOLTY CLEVER NAR/AZL 9 1/2;1;71500;TFG  ;1;
7702080574657;GUAYO PROF GOLTY CLEVER NAR/AZL 10;1;71500;TFG  ;1;
7702080575319;GUAYO CLASSICS BLANCO/PLATA 9 CAUCHO;1;67300;TFG  ;1;
7702080575456;ZAP. TORR. PROF GOLTY CLEVER GRIS VER/AZUL 11 (42.5);1;71500;TFG  ;1;
7702080575654;ZAP TORR PROF GOLTY CLEVER GRIS/NE 7 1/2;2;71500;TFG  ;2;
7702080575852;ZAP TORR PROF GOLTY CLEVER GRIS/NE 9;1;71500;TFG  ;1;
7702080575951;ZAP TORR PROF GOLTY CLEVER GRIS/NE 9 1/2;1;71500;TFG  ;1;
7702080576354;ZAP TORR PROF GOLTY CLEVER AZL/AMA 7 1/2;3;71500;TFG  ;3;
7702080576453;ZAP TORR PROF GOLTY CLEVER AZL/AMA 8;2;71500;TFG  ;2;
7702080576514;ZAPATILLA TORRETIN CLASSICS AZUL/VERDE 7 1/2;1;67300;TFG  ;1;
7702080576552;ZAP TORR PROF GOLTY CLEVER AZL/AMA 9;2;71500;TFG  ;2;
7702080576651;ZAP TORR PROF GOLTY CLEVER AZL/AMA 9 1/2;1;71500;TFG  ;1;
7702080576750;ZAP TORR PROF GOLTY CLEVER AZL/AMA 10;2;71500;TFG  ;2;
7702080577214;ZAP. TORR. CLASSICS NARANJA/AMARILLO 7 1/2;2;67300;TFG  ;2;
7702080577757;ZAP LISA PROF GOLTY CLEVER GRIS VER/AZL 7 1/2;1;71500;TFG  ;1;
7702080577955;ZAP LISA PROF GOLTY CLEVER GRIS VER/AZL 9;1;71500;TFG  ;1;
7702080578051;ZAP LISA PROF GOLTY CLEVER GRIS VER/AZL 9 1/2;1;71500;TFG  ;1;
7702080578150;ZAP LISA PROF GOLTY CLEVER GRIS VER/AZL 10;1;71500;TFG  ;1;
7702080578532;ZAPATILLA LISA CLASSICS  VERDE LIMON/AZUL 8 1/2;1;67300;TFG  ;1;
7702080578631;ZAPATILLA LISA CLASSICS  VERDE LIMON/AZUL 9 1/2;1;67300;TFG  ;1;
7702080578655;ZAP LISA PROF GOLTY CLEVER GRIS/NE 9;2;71500;TFG  ;2;
7702080578730;ZAPATILLA LISA CLASSICS  VERDE LIMON/AZUL 10;1;67300;TFG  ;1;
7702080578914;ZAPATILLA LISA CLASSICS AZUL/VERDE 9 1/2;1;67300;TFG  ;1;
7702080579010;ZAPATILLA LISA CLASSICS AZUL/VERDE 10;1;67300;TFG  ;1;
7702080579232;ZAPATILLA LISA CLASSICS NARANJA/AMARILLO 8 1/2;1;67300;TFG  ;1;
7702080579256;ZAP LISA PROF GOLTY CLEVER AZL/AMA 8;1;71500;TFG  ;1;
7702080579331;ZAPATILLA LISA CLASSICS NARANJA/AMARILLO 9 1/2;1;67300;TFG  ;1;
7702080579355;ZAP LISA PROF GOLTY CLEVER AZL/AMA 9;2;71500;TFG  ;2;
7702080579614;ZAPATILLA LISA CLASSICS BLANCO/PLATA 9 1/2;1;67300;TFG  ;1;
7702080579713;ZAPATILLA LISA CLASSICS BLANCO/PLATA 10;1;67300;TFG  ;1;
7702080600219;GUANTE TRAINING GUANTE GOLTY GAMERS T5;6;33800;TFG  ;6;
7702080600516;CANILLERA COMPETITION GOLTY CLASSICS -TM;11;21200;TFG  ;11;
7702080600615;CANILLERA COMPETITION GOLTY CLASSICS -TS;4;21200;TFG  ;4;
7702080600738;GUANTE FUSION PROFESSIONAL 8            ;2;47000;TFG  ;2;
7702080600813;GUANTE TRAINING GUANTE GOLTY GAMERS T6;4;33800;TFG  ;4;
7702080600837;GUANTE FUSION PROFESSIONAL 9            ;6;47000;TFG  ;6;
7702080600912;GUANTE TRAINING GUANTE GOLTY GAMERS T7;6;33800;TFG  ;6;
7702080600936;GUANTE FUSION PROFESSIONAL 10           ;1;47000;TFG  ;1;
7702080601032;GUANTE FUSION PROFESSIONAL 11           ;1;47000;TFG  ;1;
7702080601353;CANILLERA PROFESSIONAL TS (C.A.);2;33500;TFG  ;2;
7702080601414;CANILLERA TRAINING GOLTY GAMERS TS;2;14300;TFG  ;2;
7702080601612;CANILLERA  TRAINING GOLTY GAMERS TM;1;14300;TFG  ;1;
7702080605535;GUANTE COMPETITION GOLTY CLASSICS T5 CA;2;64100;TFG  ;2;
7702080608215;CANILLERA PROFESIONAL TS;8;41000;TFG  ;8;
7702080608314;CANILLERA PROFESIONAL TM;6;41000;TFG  ;6;
7702080608413;CANILLERA PROFESIONAL TL;5;41000;TFG  ;5;
7702080608918;GUANTE COMPETITION GOLTY CLASSICS T8;3;64100;TFG  ;3;
7702080609014;GUANTE COMPETITION GOLTY CLASSICS T9;4;64100;TFG  ;4;
7702080609113;GUANTE COMPETITION GOLTY CLASSICS T10;6;64100;TFG  ;6;
7702080609212;GUANTE COMPETITION GOLTY CLASSICS T11;1;64100;TFG  ;1;
7702080609311;GUANTE COMPETITION GOLTY CLASSICS T5;7;64100;TFG  ;7;
7702080609410;GUANTE COMPETITION GOLTY CLASSICS T6;6;64100;TFG  ;6;
7702080609519;GUANTE COMPETITION GOLTY CLASSICS T7;6;64100;TFG  ;6;
7702080611314;MEDIA GOLTY PROFES.T.UNICA VERDE.C/BLANC;1;10000;TFG  ;1;
7702080612236;MEDIAS GOLTY NEGRO T. 10-12 M;13;10000;TFG  ;13;
7702080650153;FUTBOL PRO GOLTY DUALTECH TRADITIONAL N.5;2;68700;TFG  ;2;
7702080650252;FUTBOL PRO GOLTY DUALTECH TRADITIONAL  N.4;1;65500;TFG  ;1;
7702080650313;FUTBOL PROFESSIONAL 4                   ;1;65500;TFG  ;1;
7702080650351;FUTBOL GOLTY HINCHA AMERICA N.5 COS MAQ;1;40000;TFG  ;1;
7702080650429;FUTBOL REPLICA GOLTY EUFORIA 2.0 No.5 2a;4;35000;TFG  ;4;
7702080650450;FUTBOL GOLTY HINCHA AMERICA N.1 COS MAQ;2;20850;TFG  ;2;
7702080650559;FUTBOL GOLTY HINCHA SANTA FE N.5 COS MAQ;4;40650;TFG  ;4;
7702080650658;FUTBOL GOLTY HINCHA SANTA FE N.1 COS MAQ;2;20850;TFG  ;2;
7702080650917;FUTBOL No. 4 TRAINING LAMINADO          ;4;56000;TFG  ;4;
7702080650955;FUTBOL TRAINING GOLTY NO.3 DUALTECH;1;68750;TFG  ;1;
7702080651013;FUTBOL No. 3 TRAINING LAMINADO          ;3;55000;TFG  ;3;
7702080651259;FUTBOL GOLTY HINCHA JUNIOR NO.5 COS MAQ;1;40650;TFG  ;1;
7702080651358;FUTBOL GOLTY HINCHA JUNIOR NO.1 COS MAQ;1;20818;TFG  ;1;
7702080651372;FUTBOL PROFESSIONAL EUFORIA CMI No.5 PLUS;5;155200;TFG  ;5;
7702080651419;GOLTY FUSION REPLICA No5 COSIDO A MAQ   ;1;45000;TFG  ;1;
7702080651433;FUTBOL No 4 DYNAMIC COSIDO A MAQ MO/PLA ;1;53500;TFG  ;1;
7702080651457;FUTBOL GOLTY HINCHA MILLONARIOS N.5 COS MAQ;1;40650;TFG  ;1;
7702080651655;FUTBOL GOLTY HINCHA CALI NO.5 COS MAQ;1;40650;TFG  ;1;
7702080651754;FUTBOL GOLTY HINCHA CALI NO.1 COS MAQ;1;20850;TFG  ;1;
7702080652218;FUTBOL No. 5 MAGNUM COSIDO              ;2;99500;TFG  ;2;
7702080652577;FUTBOL PROFESSIONAL GOLTY VITA No.5;6;108500;TFG  ;6;
7702080653055;FUTBOL PROFESSIONAL GOLTY EUFORIA 2.0 N.5;4;168000;TFG  ;4;
7702080653062;FUTBOL PROFESSIONAL GOLTY EUFORIA 2.0 N.52a;8;109000;TFG  ;8;
7702080653079;FUTBOL PROF GOLTY POWER THERMOTECH NO.5;6;109950;TFG  ;6;
7702080653512;BALON REPLICA NO.1 MAGNUM SILVER        ;1;15000;TFG  ;1;
7702080653956;FUTBOL No.4 PONYFUTBOL;4;75550;TFG  ;4;
7702080654298;FUTBOL PROF GOLTY FUSION No. 5 CMI PLUS PLUS;1;129300;TFG  ;1;
7702080654472;KIT GOLTY HINCHA No.5 Y No.1;3;47900;TFG  ;3;
7702080654519;FUTBOL NO.4 GOLTY DYNAMIC COLORES       ;1;53500;TFG  ;1;
7702080655172;FUTBOL PROFESSIONAL GOLTY INVICTUS THERMOTECH  NO.5;3;129350;TFG  ;3;
7702080655639;BALON GOLTY FUSION  No 4 CMI            ;1;99500;TFG  ;1;
7702080656278;FUTBOL PROF GOLTY EUFORIA THERMOTECH NO.4;4;99500;TFG  ;4;
7702080656476;FUTBOL PROF GOLTY EUFORIA 2.0 THERMOTECH N.4;1;102000;TFG  ;1;
7702080656858;FUTBOL COMPETITION GOLTY ON No.3;2;55000;TFG  ;2;
7702080657572;FUTBOL PRO  GOLTY NEO DUALTECH NO. 5;7;68700;TFG  ;7;
7702080657671;FUTBOL PRO  GOLTY NEO DUALTECH NO. 4;3;65500;TFG  ;3;
7702080657817;FUTBOL No. 5 EL DORADO CMI              ;4;129300;TFG  ;4;
7702080658432;FUTBOL GOLTY GAMBETA NO.5 COS. MAQ;2;40200;TFG  ;2;
7702080658531;FUTBOL GOLTY GAMBETA NO.4 COS. MAQ;7;37000;TFG  ;7;
7702080658630;FUTBOL GOLTY GAMBETA NO.3 COS. MAQ;4;36200;TFG  ;4;
7702080658739;FUTBOL GOLTY INVICTUS No 5 COS. MAQ;1;49000;TFG  ;1;
7702080658838;FUTBOL GOLTY INVICTUS No 1 COS. MAQ;14;21050;TFG  ;14;
7702080659415;FUTBOL No. 4 EL DORADO CMI;3;99500;TFG  ;3;
7702080659453;FUTBOL COMPETITION GOLTY G32 No.5;2;52000;TFG  ;2;
7702080659552;FUTBOL COMPETITION GOLTY G32 No.4;4;53350;TFG  ;4;
7702080659675;FUTBOL COLECCIONABLE GOLTY EUFORIA  2.0 No.1;1;25900;TFG  ;1;
7702080661821;FUTBOL SALA MAGNUM COSIDO2a             ;1;65100;TFG  ;1;
7702080663559;FGA PRO GOLTY EUFORIA 2.0 COS MAN;2;93000;TFG  ;2;
7702080663733;FUTSAL COMP GOLTY NITRO KMT AM/VER;2;36250;TFG  ;2;
7702080667175;FUTBOL SALA PRO GOLTY DUALTECH;2;75900;TFG  ;2;
7702080667229;BANQUITAS COMPETITION - INDOOR / OUTDOOR 2a;1;39200;TFG  ;1;
7702080667328;FUTBOL SALA EL DORADO CMI2a             ;1;73150;TFG  ;1;
7702080671134;BALONCESTO COMPETITION GOLTY STREET No 7;5;35700;TFG  ;5;
7702080720115;LYCRA GOLTY S. MANGA NEGRO S;2;21000;TFG  ;2;
7702080720214;LYCRA GOLTY S.MANGA NEGRO L;6;21000;TFG  ;6;
7702080720313;LYCRA GOLTY S.MANGA BLANCO S;6;21000;TFG  ;6;
7702080720511;LYCRA GOLTY S.MANGA BLANCO L;2;21000;TFG  ;2;
7702080720610;LYCRA GOLTY S.MANGA AZUL M;5;21000;TFG  ;5;
7702080720719;LYCRA GOLTY S.MANGA AZUL L;3;21000;TFG  ;3;
7702080720818;LYCRA GOLTY M.CORTA NEGRO S;5;21000;TFG  ;5;
7702080721013;LYCRA GOLTY M.CORTA NEGRO L;2;21000;TFG  ;2;
7702080721112;LYCRA GOLTY M.CORTA BLANCO M;2;21000;TFG  ;2;
7702080721211;LYCRA GOLTY M.CORTA AZUL S;6;21000;TFG  ;6;
7702080722119;LYCRA GOLTY S.MANGA NEGRO M;10;21000;TFG  ;10;
7702080722218;LYCRA GOLTY S.MANGA BLANCO M;4;21000;TFG  ;4;
7702080722317;LYCRA GOLTY S.MANGA AZUL S;2;21000;TFG  ;2;
7702080722416;LYCRA GOLTY M.CORTA NEGRO M;1;21000;TFG  ;1;
7702080722515;LYCRA GOLTY M.CORTA BLANCO S;1;21000;TFG  ;1;
7702080722713;LYCRA GOLTY M.CORTA AZUL M;6;21000;TFG  ;6;
7702080792754;KIT EUFORIA No. 5;1;168000;TFG  ;1;
7702080795656;KIT GOLTY FUSION +GUANTE PROFESSIONAL T8;2;91400;TFG  ;2;
7702080795892;KIT GOLTY FUSION CANILLERA M;1;67200;TFG  ;1;
7702080800312;FUTBOL NIKO STAR 5                      ;3;8800;TFG  ;3;
7702080810113;LETRAS 5                                ;2;3800;TFG  ;2;
7702080810212;LETRAS 7                                ;2;5800;TFG  ;2;
7702080848819;INFLADOR GOLTY REF:CH-012P              ;6;8950;TFG  ;6;
7702080849410;MEDIDOR PRESION T.ESFERO REF GA-100     ;8;6000;TFG  ;8;
7702080849519;MEDIDOR PRESION T.MANOMETRO REF:CJ-02   ;3;16000;TFG  ;3;
7702080980717;TULA BALONERA GOLTY                     ;1;35000;TFG  ;1;
7702080985255;MORRAL GOLTY EN LONA HURACAN;2;126050;TFG  ;2;
7702080985279;MALETIN GOLTY;2;74400;TFG  ;2;
7702080989611;SPORTY BAG GOLTY FUSION No.5 Y No.1;2;18000;TFG  ;2;
7702080989833;SPORTY BAG GOLTY STAR;2;21000;TFG  ;2;
7702080888888;BOLSA;10;25;TFG  ;9;
0;0;0;0;TFG  ;0;
0;0;0;0;TFG  ;0;