7702080500137;GUAYO CONTINENTAL ALEMANIA  8;1;50862;TFG  ;1
7702080500632;GUAYO CONTINENTAL ALEMANIA  11  1/2;1;50862;TFG  ;1
7702080502636;GUAYO CONTINENTAL BRASIL  11;1;50862;TFG  ;1
7702080504739;ZAPAT TORRETIN CONTINENTAL ALEMANIA 11;1;50862;TFG  ;1
7702080504814;GUAYO SNIPER HX OUTDOOR KIDS NARJ/NG#26 ;1;26724;TFG  ;1
7702080508430;ZAPAT LISA CONTINENTAL ALEMANIA 7;1;50940;TFG  ;1
7702080508638;ZAPAT LISA CONTINENTAL ALEMANIA 8 1/2;1;50940;TFG  ;1
7702080508737;ZAPAT LISA CONTINENTAL ALEMANIA 9  1/2;2;50940;TFG  ;2
7702080508836;ZAPAT LISA CONTINENTAL ALEMANIA 10;4;50940;TFG  ;4
7702080509130;ZAPAT LISA CONTINENTAL SUECIA 7;1;50940;TFG  ;1
7702080509437;ZAPAT LISA CONTINENTAL SUECIA 9  1/2;1;50940;TFG  ;1
7702080509536;ZAPAT LISA CONTINENTAL SUECIA 10;3;50940;TFG  ;3
7702080510730;ZAPAT LISA CONTINENTAL BRASIL 8 1/2;2;50940;TFG  ;2
7702080510839;ZAPAT LISA CONTINENTAL BRASIL 9  1/2;3;50940;TFG  ;3
7702080511539;"ZAPAT LISA CONTINENTAL HOLANDA 40	";1;50940;TFG  ;1
7702080512130;ZAPAT LISA CONTINENTAL ESPANA 8 1/2;1;50940;TFG  ;1
7702080512239;ZAPAT LISA CONTINENTAL ESPANA 9  1/2;1;50940;TFG  ;1
7702080521811;T GUAYO SNIPER HX OUTDOOR BLAN/ROJO #38 ;1;26724;TFG  ;1
7702080525734;ZAP TORR TRAIN ELEMT TERRA USA2 EUR33,5;1;68103;TFG  ;1
7702080526533;ZAP TORR TRAIN ELEMT AQUA USA3 EUR35;1;68103;TFG  ;1
7702080527332;ZAP TORR TRAIN ELEMT VOLCANO US4 EU36;1;68103;TFG  ;1
7702080527530;ZAP TORR TRAIN ELEMT VOLCANO USA5 EUR37,3;1;68103;TFG  ;1
7702080527837;ZAP TORR TRAIN ELEMT TORNADO US2 EU33,5;1;68103;TFG  ;1
7702080528438;ZAP TORR TRAIN ELEMT METALLIC US1 1/2 EU33;1;68103;TFG  ;1
7702080528537;ZAP TORR TRAIN ELEMT METALLIC USA2 EU33,5;1;68103;TFG  ;1
7702080540034;GUAYO LETHAL PRO LIMON / AGUAMARINA 9;4;94828;TFG  ;4
7702080540119;GUAYO SUPERNOVA AZUL/VERDE 38           ;1;36121;TFG  ;1
7702080540133;GUAYO LETHAL PRO LIMON / AGUAMARINA 9 1/2;4;94828;TFG  ;4
7702080540232;GUAYO LETHAL PRO LIMON / AGUAMARINA 10;3;94828;TFG  ;3
7702080540331;GUAYO LETHAL PRO LIMON / AGUAMARINA 11;4;94828;TFG  ;4
7702080540430;GUAYO LETHAL PRO LIMON / AGUAMARINA 11 ½;1;94828;TFG  ;1
7702080540515;GUAYO SUPERNOVA AZUL/VERDE 42           ;1;36121;TFG  ;1
7702080540638;GUAYO LETHAL PRO VERDE/AZUL/NEGRO 8;1;94828;TFG  ;1
7702080540737;GUAYO LETHAL PRO VERDE/AZUL/NEGRO 9;1;94828;TFG  ;1
7702080540812;GUAYO SUPERNOVA NEGRO/ROJO 38           ;1;36121;TFG  ;1
7702080540836;GUAYO LETHAL PRO VERDE/AZUL/NEGRO 9 1/2;1;94828;TFG  ;1
7702080540935;GUAYO LETHAL PRO VERDE/AZUL/NEGRO 10;4;94828;TFG  ;4
7702080541031;GUAYO LETHAL PRO VERDE/AZUL/NEGRO 11;1;94828;TFG  ;1
7702080542137;GUAYO LETHAL PRO NARANJA / VERDE/NEGRO 9;3;94828;TFG  ;3
7702080542335;GUAYO LETHAL PRO NARANJA / VERDE/NEGRO 10;2;94828;TFG  ;2
7702080542731;ZAP. TURF LETHAL PRO LIMON / AGUAMARINA 8;2;90517;TFG  ;2
7702080542830;ZAP. TURF LETHAL PRO LIMON / AGUAMARINA 9;2;90517;TFG  ;2
7702080543035;ZAP. TURF LETHAL PRO LIMON / AGUAMARINA 10;2;90517;TFG  ;2
7702080543134;ZAP. TURF LETHAL PRO LIMON / AGUAMARINA 11;5;90517;TFG  ;5
7702080543233;ZAP. TURF LETHAL PRO LIMON / AGUAMARINA 11 ½;3;90517;TFG  ;3
7702080543530;ZAP TURF  LETHAL PRO VERDE/AZUL/NEGRO 9;1;90517;TFG  ;1
7702080543639;ZAP TURF  LETHAL PRO VERDE/AZUL/NEGRO 9 1/2;1;90517;TFG  ;1
7702080543738;ZAP TURF  LETHAL PRO VERDE/AZUL/NEGRO 10;1;90517;TFG  ;1
7702080543837;ZAP, TURF  LETHAL PRO VERDE/AZUL/NEGRO 11;1;90517;TFG  ;1
7702080544834;ZAP. TURF  LETHAL PRO NARANJA/VERDE/NEGRO 8;1;90517;TFG  ;1
7702080545138;ZAP. TURF  LETHAL PRO NARANJA/VERDE/NEGRO 10;1;90517;TFG  ;1
7702080545336;ZAP. TURF  LETHAL PRO NARANJA/VERDE/NEGRO 11 1/2;2;90517;TFG  ;2
7702080545732;ZAP. LISA LETHAL PRO LIMON / AGUAMARINA 9 ½;5;100862;TFG  ;5
7702080545831;ZAP. LISA LETHAL PRO LIMON / AGUAMARINA 10;4;100862;TFG  ;4
7702080546036;ZAP. LISA LETHAL PRO LIMON / AGUAMARINA 11 ½;1;100862;TFG  ;1
7702080546531;ZAP LISA  LETHAL PRO VERDE/AZUL/NEGRO 10;1;100862;TFG  ;1
7702080546739;ZAP LISA  LETHAL PRO VERDE/AZUL/NEGRO 11 1/2;1;100862;TFG  ;1
7702080547835;ZAP. LISA  LETHAL PRO NARANJA/ VERDE/NEGRO 9 1/2;3;100862;TFG  ;3
7702080547934;ZAP. LISA  LETHAL PRO NARANJA/ VERDE/NEGRO 10;2;100862;TFG  ;2
7702080548634;GUAYO GAMERS AZUL / NEGRO 13;2;65517;TFG  ;2
7702080548832;GUAYO GAMERS AZUL / NEGRO  2;4;65517;TFG  ;4
7702080549235;GUAYO GAMERS AZUL / MEGRO  5;1;65517;TFG  ;1
7702080549432;GUAYO GAMERS ROJO / AZUL / NEGRO  2;1;65517;TFG  ;1
7702080549730;GUAYO GAMERS AMARILLO/NEGRO 13;1;65517;TFG  ;1
7702080549839;GUAYO GAMERS AMARILLO/NEGRO 1;1;65517;TFG  ;1
7702080549938;GUAYO GAMERS AMARILLO/NEGRO 2;1;65517;TFG  ;1
7702080555939;GUAYO GAMERS AZUL / VERDE / NEGRO 13;2;65517;TFG  ;2
7702080556035;GUAYO GAMERS AZUL / VERDE / NEGRO 1;1;65517;TFG  ;1
7702080556134;GUAYO GAMERS AZUL / VERDE / NEGRO 2;4;65517;TFG  ;4
7702080556332;GUAYO GAMERS AZUL / VERDE / NEGRO 3 1/2;1;65517;TFG  ;1
7702080556431;GUAYO GAMERS AZUL / VERDE / NEGRO 4 1/2;1;65517;TFG  ;1
7702080559234;GUAYO GAMERS ROJO / AZUL / NEGRO  13;1;65517;TFG  ;1
7702080559517;GUAYO GAMERS AMARILLO/NEGRO 2 1/2;1;65517;TFG  ;1
7702080559814;GUAYO GAMERS AMARILLO/NEGRO 5;1;65517;TFG  ;1
7702080559838;GUAYO GAMERS ROJO / AZUL / NEGRO  5;1;65517;TFG  ;1
7702080559937;ZAP. TURF GAMERS AZUL/NEGRO 13;1;73276;TFG  ;1
7702080560056;GUAYO CLASSICS VERDE LIMON/AZUL 7 1/2 TPU;1;92241;TFG  ;1
7702080560131;ZAP. TURF GAMERS AZUL/NEGRO 2;2;73276;TFG  ;2
7702080560155;GUAYO CLASSICS  VERDE LIMON/AZUL 8 TPU;2;92241;TFG  ;2
7702080560230;ZAP. TURF GAMERS AZUL/NEGRO 2 1/2;1;73276;TFG  ;1
7702080560438;ZAP. TURF GAMERS AZUL/NEGRO 4 1/2;1;73276;TFG  ;1
7702080560452;GUAYO CLASSICS  VERDE LIMON/AZUL 10 TPU;1;92241;TFG  ;1
7702080560612;GUAYO PROFASTER NARANJA / GRIS 11/2;1;50941;TFG  ;1
7702080560636;ZAP. TURF GAMERS AMARILLO / NEGRO 13;1;73276;TFG  ;1
7702080560834;ZAP. TURF GAMERS AMARILLO / NEGRO 2;1;73276;TFG  ;1
7702080560858;GUAYO CLASSICS AZUL/VERDE 8 TPU;1;92241;TFG  ;1
7702080560933;ZAP. TURF GAMERS AMARILLO / NEGRO 2 1/2;1;73276;TFG  ;1
7702080561039;ZAP. TURF GAMERS AMARILLO / NEGRO 3 1/2;1;73276;TFG  ;1
7702080561138;ZAP. TURF GAMERS AMARILLO / NEGRO 4 1/2;1;73276;TFG  ;1
7702080561152;GUAYO CLASSICS AZUL/VERDE 10 TPU;1;92241;TFG  ;1
7702080561336;ZAP. TURF GAMERS AZUL / VERDE / NEGRO 13;1;73276;TFG  ;1
7702080561435;ZAP. TURF GAMERS AZUL / VERDE / NEGRO 1;2;73276;TFG  ;2
7702080561534;ZAP. TURF GAMERS AZUL / VERDE / NEGRO 2;3;73276;TFG  ;3
7702080561558;GUAYO CLASSICS  NARANJA/AMARILLO 8 TPU;1;92241;TFG  ;1
7702080561657;GUAYO CLASSICS  NARANJA/AMARILLO 9 TPU;1;92241;TFG  ;1
7702080561756;GUAYO CLASSICS  NARANJA/AMARILLO 9 1/2 TPU;1;92241;TFG  ;1
7702080561855;GUAYO CLASSICS NARANJA/AMARILLO 10 TPU;1;92241;TFG  ;1
7702080562111;GUAYO PROFASTER NEGRO / AMARILLO  7 1/2;1;50941;TFG  ;1
7702080562555;GUAYO CLASSICS BLANCO/PLATA 10 TPU;1;92241;TFG  ;1
7702080562852;GUAYO  G-RACER VERDE/AZUL 13;3;80000;TFG  ;3
7702080562951;GUAYO  G-RACER VERDE/AZUL 1;3;80000;TFG  ;3
7702080563057;GUAYO  G-RACER VERDE/AZUL 2;3;80000;TFG  ;3
7702080563156;GUAYO  G-RACER VERDE/AZUL 2 1/2;3;80000;TFG  ;3
7702080563255;GUAYO  G-RACER VERDE/AZUL  3 1/2;3;80000;TFG  ;3
7702080563354;GUAYO  G-RACER VERDE/AZUL 4 1/2;2;80000;TFG  ;2
7702080563439;ZAP. TURF GAMERS ROJO/AZUL/NEGRO 13;1;73276;TFG  ;1
7702080563453;GUAYO  G-RACER VERDE/AZUL  5;3;80000;TFG  ;3
7702080563538;ZAP. TURF GAMERS ROJO/AZUL/NEGRO 1;1;73276;TFG  ;1
7702080563552;GUAYO  G-RACER AMARILLO/NEGRO 13;3;80000;TFG  ;3
7702080563637;ZAP. TURF GAMERS ROJO/AZUL/NEGRO 2;2;73276;TFG  ;2
7702080563651;GUAYO  G-RACER AMARILLO/NEGRO 1;3;80000;TFG  ;3
7702080563750;GUAYO  G-RACER AMARILLO/NEGRO 2;1;80000;TFG  ;1
7702080563859;GUAYO  G-RACER AMARILLO/NEGRO 2 1/2;3;80000;TFG  ;3
7702080563958;GUAYO  G-RACER AMARILLO/NEGRO 3 1/2;3;80000;TFG  ;3
7702080564030;ZAP. TURF GAMERS ROJO/AZUL/NEGRO 5;3;73276;TFG  ;3
7702080564054;GUAYO  G-RACER AMARILLO/NEGRO 4 1/2;3;80000;TFG  ;3
7702080564139;ZAP. LISA GAMERS AZUL / NEGRO 13;1;73276;TFG  ;1
7702080564153;GUAYO  G-RACER AMARILLO/NEGRO 5;3;80000;TFG  ;3
7702080564238;ZAP. LISA GAMERS AZUL / NEGRO 1;1;73276;TFG  ;1
7702080564252;GUAYO  G-RACER GRIS/NEGRO/AZUL 13;3;80000;TFG  ;3
7702080564337;ZAP. LISA GAMERS AZUL / NEGRO 2;1;73276;TFG  ;1
7702080564351;GUAYO  G-RACER GRIS/NEGRO/AZUL 1;1;80000;TFG  ;1
7702080564436;ZAP. LISA GAMERS AZUL / NEGRO 2 ½;1;73276;TFG  ;1
7702080564450;GUAYO  G-RACER GRIS/NEGRO/AZUL 2;3;80000;TFG  ;3
7702080564535;ZAP. LISA GAMERS AZUL / NEGRO 3 ½;1;73276;TFG  ;1
7702080564559;GUAYO  G-RACER GRIS/NEGRO/AZUL 2 1/2;3;80000;TFG  ;3
7702080564634;ZAP. LISA GAMERS AZUL/NEGRO / PLATA 4 1/2;1;73276;TFG  ;1
7702080564658;GUAYO  G-RACER GRIS/NEGRO/AZUL 3 1/2;3;80000;TFG  ;3
7702080564757;GUAYO  G-RACER GRIS/NEGRO/AZUL 4 1/2;2;80000;TFG  ;2
7702080564832;ZAP. LISA GAMERS AMARILLO/NEGRO 13;1;73276;TFG  ;1
7702080564856;GUAYO  G-RACER GRIS/NEGRO/AZUL 5;3;80000;TFG  ;3
7702080564931;ZAP. LISA GAMERS AMARILLO/NEGRO 1;1;73276;TFG  ;1
7702080564955;GUAYO  G-RACER GRIS/NARANJA 13;3;80000;TFG  ;3
7702080565037;ZAP. LISA GAMERS AMARILLO/NEGRO 2;1;73276;TFG  ;1
7702080565051;GUAYO  G-RACER GRIS/NARANJA 1;2;80000;TFG  ;2
7702080565112;ZAPAT. TORRETIN PROFASTER NEGRO /AZUL 9;1;50940;TFG  ;1
7702080565136;ZAP. LISA GAMERS AMARILLO/NEGRO 2 ½;1;73276;TFG  ;1
7702080565150;GUAYO  G-RACER GRIS/NARANJA 2;3;80000;TFG  ;3
7702080565235;ZAP. LISA GAMERS AMARILLO/NEGRO 3 ½;1;73276;TFG  ;1
7702080565259;GUAYO  G-RACER GRIS/NARANJA 2 1/2;2;80000;TFG  ;2
7702080565358;GUAYO  G-RACER GRIS/NARANJA 3 1/2;1;80000;TFG  ;1
7702080565433;ZAP. LISA GAMERS AMARILLO/NEGRO 5;1;73276;TFG  ;1
7702080565457;GUAYO  G-RACER GRIS/NARANJA 4 1/2;3;80000;TFG  ;3
7702080565532;ZAP. LISA GAMERS AZUL / VERDE / NEGRO 13;1;73276;TFG  ;1
7702080565556;GUAYO  G-RACER GRIS/NARANJA 5;2;80000;TFG  ;2
7702080566133;ZAP. LISA GAMERS AZUL / VERDE / NEGRO 5;1;73276;TFG  ;1
7702080567055;ZAPATILLA LISA G-RACER GRIS/NEGRO/AZUL 13;1;91034;TFG  ;1
7702080567635;ZAP. LISA GAMERS ROJO/AZUL/NEGRO 13;1;73276;TFG  ;1
7702080567734;ZAP. LISA GAMERS ROJO/AZUL/NEGRO 1;1;73276;TFG  ;1
7702080567758;ZAPATILLA LISA G-RACER GRIS/NARANJA 13;1;91034;TFG  ;1
7702080567932;ZAP. LISA GAMERS ROJO/AZUL/NEGRO 2 ½;1;73276;TFG  ;1
7702080568236;ZAP. LISA GAMERS ROJO/AZUL/NEGRO 5;1;73276;TFG  ;1
7702080568335;GUAYO CLASSICS VERDE LIMON/AZUL 7 1/2 CAUCHO;1;81897;TFG  ;1
7702080568434;GUAYO CLASSICS  VERDE LIMON/AZUL 8 CAUCHO;1;81897;TFG  ;1
7702080568731;GUAYO CLASSICS  VERDE LIMON/AZUL 10 CAUCHO;1;81897;TFG  ;1
7702080569158;ZAPATILLA TORRETIN G-RACER AMARILLO/NEGRO 13;1;91034;TFG  ;1
7702080573612;GUAYO SNIPER PROFESSIONAL LT RJ/NG/PL#42;2;38362;TFG  ;2
7702080574015;GUAYO CLASSICS AZUL/VERDE 9 1/2 CAUCHO;1;81897;TFG  ;1
7702080574411;GUAYO CLASSICS NARANJA/AMARILLO 7 1/2 CAUCHO;1;81897;TFG  ;1
7702080574619;GUAYO CLASSICS  NARANJA/AMARILLO 9 CAUCHO;1;81897;TFG  ;1
7702080574718;GUAYO CLASSICS  NARANJA/AMARILLO 9 1/2 CAUCHO;1;81897;TFG  ;1
7702080574817;GUAYO CLASSICS NARANJA/AMARILLO 10 CAUCHO;1;81897;TFG  ;1
7702080575111;GUAYO CLASSICS BLANCO/PLATA 7 1/2 CAUCHO;1;81897;TFG  ;1
7702080575210;GUAYO CLASSICS BLANCO/PLATA 8 CAUCHO;1;81897;TFG  ;1
7702080575319;GUAYO CLASSICS BLANCO/PLATA 9 CAUCHO;1;81897;TFG  ;1
7702080575418;GUAYO CLASSICS BLANCO/PLATA 9 1/2 CAUCHO;1;81897;TFG  ;1
7702080575517;GUAYO CLASSICS BLANCO/PLATA 10 CAUCHO;1;81897;TFG  ;1
7702080576019;ZAP. TORR. CLASSICS VERDE LIMON/AZUL 9;1;87931;TFG  ;1
7702080576118;ZAP. TORR. CLASSICS VERDE LIMON/AZUL 9 1/2;1;87931;TFG  ;1
7702080576514;ZAPATILLA TORRETIN CLASSICS AZUL/VERDE 7 1/2;1;87931;TFG  ;1
7702080576613;ZAPATILLA TORRETIN CLASSICS AZUL/VERDE 8;1;87931;TFG  ;1
7702080576811;ZAPATILLA TORRETIN CLASSICS AZUL/VERDE 9 1/2;1;87931;TFG  ;1
7702080576910;ZAPATILLA TORRETIN CLASSICS AZUL/VERDE 10;1;87931;TFG  ;1
7702080577214;ZAP. TORR. CLASSICS NARANJA/AMARILLO 7 1/2;1;87931;TFG  ;1
7702080577313;ZAP. TORR. CLASSICS  NARANJA/AMARILLO 8;1;87931;TFG  ;1
7702080577511;ZAP. TORR. CLASSICS  NARANJA/AMARILLO 9 1/2;2;87931;TFG  ;2
7702080578112;ZAPATILLA TORRETIN CLASSICS BLANCO/PLATA 9;1;87931;TFG  ;1
7702080578211;ZAPATILLA TORRETIN CLASSICS BLANCO/PLATA 9 1/2;2;87931;TFG  ;2
7702080578310;ZAPATILLA TORRETIN CLASSICS BLANCO/PLATA 10;1;87931;TFG  ;1
7702080578419;ZAPATILLA TORRETIN CLASSICS BLANCO/PLATA 11;1;87931;TFG  ;1
7702080578433;ZAPATILLA LISA CLASSICS  VERDE LIMON/AZUL 8;1;93966;TFG  ;1
7702080578518;ZAPATILLA TORRETIN CLASSICS BLANCO/PLATA 11 1/2;1;87931;TFG  ;1
7702080578532;ZAPATILLA LISA CLASSICS  VERDE LIMON/AZUL 8 1/2;1;93966;TFG  ;1
7702080578617;ZAPATILLA LISA CLASSICS AZUL/VERDE 7;1;93966;TFG  ;1
7702080578631;ZAPATILLA LISA CLASSICS  VERDE LIMON/AZUL 9 1/2;1;93966;TFG  ;1
7702080578716;ZAPATILLA LISA CLASSICS AZUL/VERDE 8;1;93966;TFG  ;1
7702080578730;ZAPATILLA LISA CLASSICS  VERDE LIMON/AZUL 10;1;93966;TFG  ;1
7702080578815;ZAPATILLA LISA CLASSICS AZUL/VERDE 8 1/2;1;93966;TFG  ;1
7702080578914;ZAPATILLA LISA CLASSICS AZUL/VERDE 9 1/2;1;93966;TFG  ;1
7702080579010;ZAPATILLA LISA CLASSICS AZUL/VERDE 10;1;93966;TFG  ;1
7702080579133;ZAPATILLA LISA CLASSICS  NARANJA/AMARILLO 8;1;93966;TFG  ;1
7702080579232;ZAPATILLA LISA CLASSICS NARANJA/AMARILLO 8 1/2;1;93966;TFG  ;1
7702080579317;ZAPATILLA LISA CLASSICS BLANCO/PLATA 7;1;93966;TFG  ;1
7702080579331;ZAPATILLA LISA CLASSICS NARANJA/AMARILLO 9 1/2;1;93966;TFG  ;1
7702080579430;ZAPATILLA LISA CLASSICS NARANJA/AMARILLO 10;1;93966;TFG  ;1
7702080579614;ZAPATILLA LISA CLASSICS BLANCO/PLATA 9 1/2;1;93966;TFG  ;1
7702080579713;ZAPATILLA LISA CLASSICS BLANCO/PLATA 10;1;93966;TFG  ;1
7702080596635;GUAYO SUPER NOVA NEGRO/AMARILLO 38      ;1;43966;TFG  ;1
7702080600219;GUANTE TRAINING GUANTE GOLTY GAMERS T5;5;33800;TFG  ;5
7702080600431;CANILLERA FUSION PROFESSIONAL S         ;2;36207;TFG  ;2
7702080600516;CANILLERA COMPETITION GOLTY CLASSICS -TM;5;25819;TFG  ;5
7702080600530;CANILLERA FUSION PROFESSIONAL M         ;6;36207;TFG  ;6
7702080600615;CANILLERA COMPETITION GOLTY CLASSICS -TS;10;25819;TFG  ;10
7702080600813;GUANTE TRAINING GUANTE GOLTY GAMERS T6;11;33800;TFG  ;11
7702080600837;GUANTE FUSION PROFESSIONAL 9            ;1;91379;TFG  ;1
7702080600912;GUANTE TRAINING GUANTE GOLTY GAMERS T7;16;33800;TFG  ;16
7702080601315;CANILLERA  TRAINING GOLTY GAMERS TXS;64;14300;TFG  ;64
7702080601414;CANILLERA TRAINING GOLTY GAMERS TS;14;14300;TFG  ;14
7702080601612;CANILLERA  TRAINING GOLTY GAMERS TM;11;14300;TFG  ;11
7702080605610;GUANTE PROFESIONAL T9;1;91379;TFG  ;1
7702080605719;GUANTE PROFESIONAL T10;1;91379;TFG  ;1
7702080608215;CANILLERA PROFESIONAL TS;16;36207;TFG  ;16
7702080608314;CANILLERA PROFESIONAL TM;1;34483;TFG  ;1
7702080608413;CANILLERA PROFESIONAL TL;8;36207;TFG  ;8
7702080608918;GUANTE COMPETITION GOLTY CLASSICS T8;8;64100;TFG  ;8
7702080609014;GUANTE COMPETITION GOLTY CLASSICS T9;8;64100;TFG  ;8
7702080609113;GUANTE COMPETITION GOLTY CLASSICS T10;7;64100;TFG  ;7
7702080609212;GUANTE COMPETITION GOLTY CLASSICS T11;6;64100;TFG  ;6
7702080609311;GUANTE COMPETITION GOLTY CLASSICS T5;3;64100;TFG  ;3
7702080609410;GUANTE COMPETITION GOLTY CLASSICS T6;3;64100;TFG  ;3
7702080609519;GUANTE COMPETITION GOLTY CLASSICS T7;1;64100;TFG  ;1
7702080610119;MEDIA FUTBOL GOLTY TALLA UNICA BLANCA   ;2;34483;TFG  ;2
7702080611215;MEDIA GOLTY AZUL OSC./L.BLANCO T.10-12;10;34483;TFG  ;10
7702080611314;MEDIA GOLTY PROFES.T.UNICA VERDE.C/BLANC;5;34483;TFG  ;5
7702080612137;MEDIAS GOLTY BLANCO T. 10-12 M;8;11207;TFG  ;8
7702080612236;MEDIAS GOLTY NEGRO T. 10-12 M;6;11207;TFG  ;6
7702080612335;MEDIAS GOLTY AZUL T. 10-12 M;19;11207;TFG  ;19
7702080637833;ZAPATILLA GOLTY G-FORCE CAFE# 31 LIS    ;1;11207;TFG  ;1
7702080643131;ZAPAT TURF G FORCE PRO INDOOR BL/VER #37;1;43103;TFG  ;1
7702080646835;GUAYO SNIPER PROFESSIONAL LT BL/GR # 37 ;1;38362;TFG  ;1
7702080650153;FUTBOL PRO GOLTY DUALTECH TRADITIONAL N.5;6;77586;TFG  ;6
7702080650252;FUTBOL PRO GOLTY DUALTECH TRADITIONAL  N.4;5;75862;TFG  ;5
7702080650313;FUTBOL PROFESSIONAL 4                   ;1;63793;TFG  ;1
7702080650351;FUTBOL GOLTY HINCHA AMERICA N.5 COS MAQ;8;40690;TFG  ;8
7702080650450;FUTBOL GOLTY HINCHA AMERICA N.1 COS MAQ;2;20690;TFG  ;2
7702080650559;FUTBOL GOLTY HINCHA SANTA FE N.5 COS MAQ;6;40690;TFG  ;6
7702080650658;FUTBOL GOLTY HINCHA SANTA FE N.1 COS MAQ;2;20690;TFG  ;2
7702080650757;FUTBOL GOLTY HINCHA DIM N.5 COS MAQ;2;40690;TFG  ;2
7702080650856;FUTBOL GOLTY HINCHA DIM N.1 COS MAQ;2;20690;TFG  ;2
7702080650917;FUTBOL No. 4 TRAINING LAMINADO          ;7;53362;TFG  ;7
7702080650955;FUTBOL TRAINING GOLTY NO.3 DUALTECH;4;68793;TFG  ;4
7702080651013;FUTBOL No. 3 TRAINING LAMINADO          ;10;49310;TFG  ;10
7702080651211;GOLTY FUSION No. 1 COSIDO A MAQUINA     ;1;16638;TFG  ;1
7702080651259;FUTBOL GOLTY HINCHA JUNIOR NO.5 COS MAQ;2;20690;TFG  ;2
7702080651433;FUTBOL No 4 DYNAMIC COSIDO A MAQ MO/PLA ;4;24052;TFG  ;4
7702080651457;FUTBOL GOLTY HINCHA MILLONARIOS N.5 COS MAQ;4;40690;TFG  ;4
7702080651518;GOLTY FUSION No. 5 CONSTRUCCION CMI     ;2;129310;TFG  ;2
7702080651556;FUTBOL GOLTY HINCHA MILLONARIOS N.1 COS MAQ;7;20690;TFG  ;7
7702080651655;FUTBOL GOLTY HINCHA CALI NO.5 COS MAQ;3;40690;TFG  ;3
7702080651754;FUTBOL GOLTY HINCHA CALI NO.1 COS MAQ;2;11207;TFG  ;2
7702080652218;FUTBOL No. 5 MAGNUM COSIDO              ;5;99500;TFG  ;5
7702080652652;FUTBOL PROFESSIONAL GOLTY MAGNUM GRIS COSIDO A MANO NO.5 M;6;99500;TFG  ;6
7702080653536;T ATOMIC FUTBOL No.5 COS.MANO BLAN-NRJA ;1;11207;TFG  ;1
7702080653611;BALON REPLICA NO.1 MAGNUM NX            ;1;15000;TFG  ;1
7702080653710;BALON REPLICA NO.1 PROFES. TRADICIONAL  ;1;15000;TFG  ;1
7702080654212;FUTBOL NO.3 GOLTY DYNAMIC COLORES       ;9;47931;TFG  ;9
7702080654335;BALON GOLTY HINCHA No.1 MILLONARIOS     ;2;11207;TFG  ;2
7702080654816;FUTBOL NO.5 GOLTY MACONDO               ;11;129310;TFG  ;11
7702080654915;GOLTY TUCHIN NO.1 SOUVENIR LAMINADO     ;1;17241;TFG  ;1
7702080655172;FUTBOL PROFESSIONAL GOLTY INVICTUS THERMOTECH  NO.5;5;155172;TFG  ;5
7702080655271;FUTBOL PROFESSIONAL GOLTY INVICTUS THERMOTECH  NO.4;7;97414;TFG  ;7
7702080655639;BALON GOLTY FUSION  No 4 CMI            ;4;97414;TFG  ;4
7702080657572;FUTBOL PRO  GOLTY NEO DUALTECH NO. 5;4;83328;TFG  ;4
7702080657671;FUTBOL PRO  GOLTY NEO DUALTECH NO. 4;2;81034;TFG  ;2
7702080657817;FUTBOL No. 5 EL DORADO CMI              ;3;129310;TFG  ;3
7702080657831;GOLTY HINCHA SELECCION COLOMBIA No. 1;31;13793;TFG  ;31
7702080657930;BALON ENERGY No 5;7;90517;TFG  ;7
7702080658425;BALON GOLTY HINCHA5 LAMINADO SANTA FE 2a;1;34483;TFG  ;1
7702080658432;FUTBOL GOLTY GAMBETA NO.5 COS. MAQ;7;36207;TFG  ;7
7702080658531;FUTBOL GOLTY GAMBETA NO.4 COS. MAQ;1;34052;TFG  ;1
7702080658630;FUTBOL GOLTY GAMBETA NO.3 COS. MAQ;5;32586;TFG  ;5
7702080658739;FUTBOL GOLTY INVICTUS No 5 COS. MAQ;23;44138;TFG  ;23
7702080658746;FUTBOL GOLTY INVICTUS No 5 COS. MAQ 2a;2;30172;TFG  ;2
7702080658814;BALON GOLTY HINCHA 5 LAMINADO AMERICA   ;2;40690;TFG  ;2
7702080658838;FUTBOL GOLTY INVICTUS No 1 COS. MAQ;5;21034;TFG  ;5
7702080658937;FUTBOL GOLTY BANDERAS NO.5;1;34483;TFG  ;1
7702080659033;GOLTY HINCHA CLUB ATL. B/MANGA No.5-COS MAQ;1;40690;TFG  ;1
7702080659330;FUTBOL PROFESSIONAL  GOLTY INVICTUS No. 5 CMI;6;155172;TFG  ;6
7702080659415;FUTBOL No. 4 EL DORADO CMI;1;90517;TFG  ;1
7702080659422;FUTBOL # 4 EL DORADO CMI 2a             ;3;68966;TFG  ;3
7702080659439;FUTBOL PROFESSIONAL  GOLTY INVICTUS No. 4 CMI;16;97414;TFG  ;16
7702080659453;FUTBOL COMPETITION GOLTY G32 No.5;9;58276;TFG  ;9
7702080659460;FUTBOL COMPETITION GOLTY G32 No.5 2a;11;30172;TFG  ;11
7702080659552;FUTBOL COMPETITION GOLTY G32 No.4;16;53362;TFG  ;16
7702080659569;FUTBOL COMPETITION GOLTY G32 No.4 2a;1;37414;TFG  ;1
7702080659637;FUTBOL PRO GOLTY DUALTECH N.5;4;76983;TFG  ;4
7702080659651;FUTBOL COMPETITION GOLTY G32 No.3;1;49310;TFG  ;1
7702080659736;FUTBOL PRO GOLTY DUALTECH N.4;2;72586;TFG  ;2
7702080659750;FUTBOL COMPETITION GOLTY STREET NO.5;8;58276;TFG  ;8
7702080659910;FUTBOL TUCHIN No 5 CONSTRUCCION CMI     ;5;129310;TFG  ;5
7702080663535;FUTBOL SALA MAGNUN AMARILLO;1;60345;TFG  ;1
7702080663733;FUTSAL COMP GOLTY NITRO KMT AM/VER;3;36207;TFG  ;3
7702080665218;MICROFUTBOL PROFESSIONAL - INDOOR       ;2;60345;TFG  ;2
7702080667175;FUTBOL SALA PRO GOLTY DUALTECH;5;75862;TFG  ;5
7702080669810;FUTBOL SALA PROFESSIONAL GOLTY MAGNUM II;5;87328;TFG  ;5
7702080671134;BALONCESTO COMPETITION GOLTY STREET No 7;6;38534;TFG  ;6
7702080675613;BALONCESTO GOLTY SURTIDO COLORES        ;2;29224;TFG  ;2
7702080720115;LYCRA GOLTY S. MANGA NEGRO S;6;36466;TFG  ;6
7702080720214;LYCRA GOLTY S.MANGA NEGRO L;6;36466;TFG  ;6
7702080720313;LYCRA GOLTY S.MANGA BLANCO S;6;36466;TFG  ;6
7702080720412;BALONCESTO CAUCHO No 3                  ;1;24138;TFG  ;1
7702080720511;LYCRA GOLTY S.MANGA BLANCO L;4;36466;TFG  ;4
7702080720610;LYCRA GOLTY S.MANGA AZUL M;3;36466;TFG  ;3
7702080720719;LYCRA GOLTY S.MANGA AZUL L;4;36466;TFG  ;4
7702080720818;LYCRA GOLTY M.CORTA NEGRO S;14;40517;TFG  ;14
7702080721013;LYCRA GOLTY M.CORTA NEGRO L;5;40517;TFG  ;5
7702080721112;LYCRA GOLTY M.CORTA BLANCO M;5;40517;TFG  ;5
7702080721211;LYCRA GOLTY M.CORTA AZUL S;1;40517;TFG  ;1
7702080721310;LYCRA GOLTY M.CORTA AZUL L;2;40517;TFG  ;2
7702080721716;LYCRA GOLTY M.LARGA BLANCO M;1;47500;TFG  ;1
7702080722119;LYCRA GOLTY S.MANGA NEGRO M;3;36466;TFG  ;3
7702080722218;LYCRA GOLTY S.MANGA BLANCO M;2;36466;TFG  ;2
7702080722317;LYCRA GOLTY S.MANGA AZUL S;2;36466;TFG  ;2
7702080722515;LYCRA GOLTY M.CORTA BLANCO S;1;40517;TFG  ;1
7702080793157;KIT GOLTY INVICTUS No.5 Y No.1;6;155172;TFG  ;6
7702080795359;KIT CANILLERA POINT TS/MEDIAS GOLTY AZUL T10-12 M;7;22414;TFG  ;7
7702080795458;KIT CANILLERA POINT TM/MEDIAS GOLTY AZUL T10-12 M;2;22414;TFG  ;2
7702080800626;VOLEIBOL NIKO OFICIAL 2a                ;1;6034;TFG  ;1
7702080840134;INFLADOR GOLTY REF:CH-010P DOBLE ACCION ;2;7633;TFG  ;2
7702080847416;INFLADOR GOLTY REF: CH-06P              ;4;8621;TFG  ;4
7702080848819;INFLADOR GOLTY REF:CH-012P              ;4;8914;TFG  ;4
7702080849519;MEDIDOR PRESION T.MANOMETRO REF:CJ-02   ;2;15862;TFG  ;2
7702080980717;TULA BALONERA GOLTY                     ;1;27586;TFG  ;1
7702080608819;GUANTEPROFES. CON FERULANX # 11         ;5;25862;TOV  ;5
7702080608918;GUANTE COMPETITION GOLTY CLASSICS T8;1;64100;TOV  ;1
7702080609014;GUANTE COMPETITION GOLTY CLASSICS T9;11;64100;TOV  ;11
7.70E+12;KIT LYCRA FUTBOL GOLTY INVICTUS N 5 COS MAQ;20;51724;TFG;20
7.70E+12;KIT ELEMENT BALON N 4 DYNAMIC COS MAQ;20;68103;TFG;20
7.70E+12;KIT GUAYO LETHAL BALON INVICTUS No.5 COS MAQ;20;97413;TFG;20
7.70E+12;KIT ZAP LETHAL TORRET BALON INVICTUS No.5;20;90517;TFG;20
7.70E+12;KIT FUTBOL GOLTY COMP CLASSICS;20;103448;TFG;20
