7,70208E+12;GUANTE TRAINING GUANTE GOLTY GAMERS T6;1;40000;TOV  ;1
7,70208E+12;CANILLERA TRAINING GOLTY GAMERS TS;1;16600;TOV  ;2
7,70208E+12;CANILLERA  TRAINING GOLTY GAMERS TM;2;16600;TOV  ;3
7,70208E+12;GUANTE PROFESIONAL T9;1;106000;TOV  ;4
7,70208E+12;GUANTE PROFESIONAL T10;2;106000;TOV  ;5
7,70208E+12;GUANTE PROFESIONAL T11;1;106000;TOV  ;6
7,70208E+12;GUANTE PROFESIONAL T8;2;106000;TOV  ;7
7,70208E+12;GUANTEPROFES. CON FERULANX # 11         ;10;;TOV  ;8
7,70208E+12;GUANTE COMPETITION GOLTY CLASSICS T8;3;74500;TOV  ;9
7,70208E+12;GUANTE COMPETITION GOLTY CLASSICS T9;11;74500;TOV  ;10
7,70208E+12;GUANTE PROFESIONALNX # 9 2a;2;;TOV  ;11
7,70208E+12;GUANTE COMPETITION GOLTY CLASSICS T10;1;74500;TOV  ;12
7,70208E+12;GUANTE COMPETITION GOLTY CLASSICS T7;1;74500;TOV  ;13
7,70208E+12;GUAYO CONTINENTAL ALEMANIA  7  1/2;2;59000;TFG  ;14
7,70208E+12;GUAYO CONTINENTAL ALEMANIA  8;1;59000;TFG  ;15
7,70208E+12;GUAYO CONTINENTAL ALEMANIA  9  1/2;1;59000;TFG  ;16
7,70208E+12;GUAYO CONTINENTAL ALEMANIA  11;4;59000;TFG  ;17
7,70208E+12;GUAYO CONTINENTAL ALEMANIA  11  1/2;4;59000;TFG  ;18
7,70208E+12;GUAYO CONTINENTAL BRASIL  11;1;59000;TFG  ;19
7,70208E+12;GUAYO CONTINENTAL ESPANA  11  1/2;1;59000;TFG  ;20
7,70208E+12;ZAPAT TORRETIN CONTINENTAL ALEMANIA 11;3;59000;TFG  ;21
7,70208E+12;ZAPAT TORRETIN CONTINENTAL ALEMANIA 11 1/2;1;59000;TFG  ;22
7,70208E+12;ZAPAT TORRETIN CONTINENTAL SUECIA 11;2;59000;TFG  ;23
7,70208E+12;ZAPAT LISA CONTINENTAL ALEMANIA 7;5;59000;TFG  ;24
7,70208E+12;ZAPAT LISA CONTINENTAL ALEMANIA 8;2;59000;TFG  ;25
7,70208E+12;ZAPAT LISA CONTINENTAL ALEMANIA 8 1/2;4;59000;TFG  ;26
7,70208E+12;ZAPAT LISA CONTINENTAL ALEMANIA 9  1/2;1;59000;TFG  ;27
7,70208E+12;ZAPAT LISA CONTINENTAL ALEMANIA 10;4;59000;TFG  ;28
7,70208E+12;ZAPAT LISA CONTINENTAL SUECIA 7;1;59000;TFG  ;29
7,70208E+12;ZAPAT LISA CONTINENTAL SUECIA 9  1/2;2;59000;TFG  ;30
7,70208E+12;ZAPAT LISA CONTINENTAL SUECIA 10;4;59000;TFG  ;31
7,70208E+12;ZAPAT LISA CONTINENTAL SUECIA 11  1/2;1;59000;TFG  ;32
7,70208E+12;ZAPAT LISA CONTINENTAL BRASIL 8 1/2;3;59000;TFG  ;33
7,70208E+12;ZAPAT LISA CONTINENTAL BRASIL 9  1/2;4;59000;TFG  ;34
7,70208E+12;ZAPAT LISA CONTINENTAL ESPANA 8 1/2;1;59000;TFG  ;35
7,70208E+12;ZAPAT LISA CONTINENTAL ESPANA 9  1/2;1;59000;TFG  ;36
7,70208E+12;GUAYO TRAIN ELEMT TERRA USA10K EUR27,5;6;75000;TFG  ;37
7,70208E+12;GUAYO TRAIN ELEMT TERRA USA11K EUR 28,5;3;75000;TFG  ;38
7,70208E+12;GUAYO TRAIN ELEMT TERRA USA11 1/2K EUR 29;3;75000;TFG  ;39
7,70208E+12;GUAYO TRAIN ELEMT TERRA USA13K EUR31;6;75000;TFG  ;40
7,70208E+12;GUAYO TRAIN ELEMT AQUA USA10K EU27,5;2;75000;TFG  ;41
7,70208E+12;GUAYO TRAIN ELEMT AQUA US11 1/2K EU 29;3;75000;TFG  ;42
7,70208E+12;GUAYO TRAIN ELEMT AQUA USA13K EUR31;7;75000;TFG  ;43
7,70208E+12;GUAYO TRAIN ELEMT VOLCANO USA10K EUR27,5;4;75000;TFG  ;44
7,70208E+12;GUAYO TRAIN ELEMT VOLCANO USA11 1/2 KEUR 29;2;75000;TFG  ;45
7,70208E+12;GUAYO TRAIN ELEMT VOLCANO USA13K EUR31;2;75000;TFG  ;46
7,70208E+12;GUAYO TRAIN ELEMT TORNADO USA10K EUR27,5;5;75000;TFG  ;47
7,70208E+12;GUAYO TRAIN ELEMT TORNADO USA11K EUR 28,5;3;75000;TFG  ;48
7,70208E+12;GUAYO TRAIN ELEMT TORNADO USA11 1/2 KEUR 29;3;75000;TFG  ;49
7,70208E+12;GUAYO TRAIN ELEMT TORNADO USA12 1/2K EUR30,5;1;75000;TFG  ;50
7,70208E+12;GUAYO TRAIN ELEMT TORNADO USA13K EUR31;4;75000;TFG  ;51
7,70208E+12;GUAYO TRAIN ELEMT METALLIC USA10K EUR27,5;3;75000;TFG  ;52
7,70208E+12;GUAYO TRAIN ELEMT METALLIC USA11 1/2 KEUR 29;4;75000;TFG  ;53
7,70208E+12;GUAYO TRAIN ELEMT METALLIC USA13K EUR31;9;75000;TFG  ;54
7,70208E+12;GUAYO TRAIN ELEMT METALLIC USA5 EUR37,3;1;75000;TFG  ;55
7,70208E+12;ZAP TORR TRAIN ELEMT TERRA USA1 1/2 EUR33;2;75000;TFG  ;56
7,70208E+12;ZAP TORR TRAIN ELEMT TERRA USA2 EUR33,5;3;75000;TFG  ;57
7,70208E+12;ZAP TORR TRAIN ELEMT TERRA USA4 EUR36;1;75000;TFG  ;58
7,70208E+12;ZAP TORR TRAIN ELEMT AQUA USA13 1/2K EUR31,5;1;75000;TFG  ;59
7,70208E+12;ZAP TORR TRAIN ELEMT AQUA USA1 1/2 EUR33;3;75000;TFG  ;60
7,70208E+12;ZAP TORR TRAIN ELEMT AQUA USA3 EUR35;3;75000;TFG  ;61
7,70208E+12;ZAP TORR TRAIN ELEMT AQUA USA4 EUR36;3;75000;TFG  ;62
7,70208E+12;ZAP TORR TRAIN ELEMT AQUA USA4 1/2 EUR36,7;4;75000;TFG  ;63
7,70208E+12;ZAP TORR TRAIN ELEMT VOLCANO US13 1/2K EU31,5;2;75000;TFG  ;64
7,70208E+12;ZAP TORR TRAIN ELEMT VOLCANO US1 1/2 EU33;1;75000;TFG  ;65
7,70208E+12;ZAP TORR TRAIN ELEMT VOLCANO USA2 EUR33,5;1;75000;TFG  ;66
7,70208E+12;ZAP TORR TRAIN ELEMT VOLCANO US4 EU36;2;75000;TFG  ;67
7,70208E+12;ZAP TORR TRAIN ELEMT VOLCANO USA4 1/2 EU36,7;2;75000;TFG  ;68
7,70208E+12;ZAP TORR TRAIN ELEMT VOLCANO USA5 EUR37,3;1;75000;TFG  ;69
7,70208E+12;ZAP TORR TRAIN ELEMT TORNADO US3 EU35;3;75000;TFG  ;70
7,70208E+12;ZAP TORR TRAIN ELEMT TORNADO US4 EU36;4;75000;TFG  ;71
7,70208E+12;ZAP TORR TRAIN ELEMT TORNADO US5 EU37,3;2;75000;TFG  ;72
7,70208E+12;ZAP TORR TRAIN ELEMT METALLIC US13 1/2K EU31,5;1;75000;TFG  ;73
7,70208E+12;ZAP TORR TRAIN ELEMT METALLIC US1 1/2 EU33;3;75000;TFG  ;74
7,70208E+12;ZAP TORR TRAIN ELEMT METALLIC USA2 EU33,5;3;75000;TFG  ;75
7,70208E+12;ZAP TORR TRAIN ELEMT METALLIC USA4 EU36;5;75000;TFG  ;76
7,70208E+12;ZAP TORR TRAIN ELEMT METALLIC USA4 1/2 EU36,7;3;75000;TFG  ;77
7,70208E+12;ZAP TORR TRAIN ELEMT METALLIC USA5 EUR37,3;1;75000;TFG  ;78
7,70208E+12;GUAYO SUPERNOVA AZUL/VERDE 37           ;2;42000;TFG  ;79
7,70208E+12;GUAYO LETHAL PRO LIMON / AGUAMARINA 9;1;110000;TFG  ;80
7,70208E+12;GUAYO SUPERNOVA AZUL/VERDE 38           ;2;42000;TFG  ;81
7,70208E+12;GUAYO LETHAL PRO LIMON / AGUAMARINA 9 1/2;5;110000;TFG  ;82
7,70208E+12;GUAYO SUPERNOVA AZUL/VERDE 39           ;1;42000;TFG  ;83
7,70208E+12;GUAYO SUPERNOVA AZUL/VERDE 42           ;2;42000;TFG  ;84
7,70208E+12;GUAYO SUPERNOVA AZUL/VERDE 43           ;2;42000;TFG  ;85
7,70208E+12;GUAYO SUPERNOVA NEGRO/ROJO 38           ;1;42000;TFG  ;86
7,70208E+12;GUAYO LETHAL PRO VERDE/AZUL/NEGRO 9 1/2;2;110000;TFG  ;87
7,70208E+12;GUAYO LETHAL PRO VERDE/AZUL/NEGRO 10;1;110000;TFG  ;88
7,70208E+12;GUAYO SUPERNOVA NEGRO/ROJO 42           ;2;42000;TFG  ;89
7,70208E+12;GUAYO LETHAL PRO NARANJA / VERDE/NEGRO 9;3;110000;TFG  ;90
7,70208E+12;GUAYO LETHAL PRO NARANJA / VERDE/NEGRO 9 1/2;3;110000;TFG  ;91
7,70208E+12;ZAP. TURF LETHAL PRO LIMON / AGUAMARINA 7 ½;1;105000;TFG  ;92
7,70208E+12;ZAP. TURF LETHAL PRO LIMON / AGUAMARINA 8;2;105000;TFG  ;93
7,70208E+12;ZAP. TURF LETHAL PRO LIMON / AGUAMARINA 9;1;105000;TFG  ;94
7,70208E+12;ZAP. TURF LETHAL PRO LIMON / AGUAMARINA 9 ½;1;105000;TFG  ;95
7,70208E+12;ZAP. TURF LETHAL PRO LIMON / AGUAMARINA 10;2;105000;TFG  ;96
7,70208E+12;ZAP. TURF LETHAL PRO LIMON / AGUAMARINA 11;2;105000;TFG  ;97
7,70208E+12;ZAP. TURF LETHAL PRO LIMON / AGUAMARINA 11 ½;4;105000;TFG  ;98
7,70208E+12;ZAP, TURF  LETHAL PRO VERDE/AZUL/NEGRO 8;1;105000;TFG  ;99
7,70208E+12;ZAP TURF  LETHAL PRO VERDE/AZUL/NEGRO 9;1;105000;TFG  ;100
7,70208E+12;ZAP TURF  LETHAL PRO VERDE/AZUL/NEGRO 9 1/2;1;105000;TFG  ;101
7,70208E+12;ZAP TURF  LETHAL PRO VERDE/AZUL/NEGRO 10;2;105000;TFG  ;102
7,70208E+12;ZAP, TURF  LETHAL PRO VERDE/AZUL/NEGRO 11;1;105000;TFG  ;103
7,70208E+12;ZAP. TURF  LETHAL PRO NARANJA/VERDE/NEGRO 7 1/2;1;105000;TFG  ;104
7,70208E+12;ZAP. TURF  LETHAL PRO NARANJA/VERDE/NEGRO 8;1;105000;TFG  ;105
7,70208E+12;ZAP. TURF  LETHAL PRO NARANJA/VERDE/NEGRO 10;1;105000;TFG  ;106
7,70208E+12;ZAP. LISA LETHAL PRO LIMON / AGUAMARINA 7 ½;1;117000;TFG  ;107
7,70208E+12;ZAP. LISA LETHAL PRO LIMON / AGUAMARINA 9 ½;5;117000;TFG  ;108
7,70208E+12;ZAP. LISA LETHAL PRO LIMON / AGUAMARINA 10;3;117000;TFG  ;109
7,70208E+12;ZAP LISA  LETHAL PRO NARANJA/ VERDE/NEGRO 7 ½;2;117000;TFG  ;110
7,70208E+12;ZAP. LISA  LETHAL PRO NARANJA/ VERDE/NEGRO 8;1;117000;TFG  ;111
7,70208E+12;ZAP. LISA  LETHAL PRO NARANJA/ VERDE/NEGRO 9;2;117000;TFG  ;112
7,70208E+12;ZAP. LISA  LETHAL PRO NARANJA/ VERDE/NEGRO 9 1/2;5;117000;TFG  ;113
7,70208E+12;ZAP. LISA  LETHAL PRO NARANJA/ VERDE/NEGRO 10;3;117000;TFG  ;114
7,70208E+12;GUAYO GAMERS AZUL / NEGRO 13;1;76000;TFG  ;115
7,70208E+12;GUAYO GAMERS AZUL / NEGRO  2;3;76000;TFG  ;116
7,70208E+12;GUAYO GAMERS AZUL / MEGRO  5;1;76000;TFG  ;117
7,70208E+12;GUAYO GAMERS AMARILLO/NEGRO 13;1;76000;TFG  ;118
7,70208E+12;GUAYO GAMERS AZUL / VERDE / NEGRO 13;1;76000;TFG  ;119
7,70208E+12;GUAYO GAMERS AZUL / VERDE / NEGRO 2;3;76000;TFG  ;120
7,70208E+12;GUAYO GAMERS AZUL / VERDE / NEGRO 2 1/2;1;76000;TFG  ;121
7,70208E+12;GUAYO GAMERS AZUL / VERDE / NEGRO 4 1/2;2;76000;TFG  ;122
7,70208E+12;GUAYO GAMERS AZUL / VERDE / NEGRO 5;2;76000;TFG  ;123
7,70208E+12;ZAPAT STELLAR KIDS BLANCO/AZUL 31       ;1;34000;TFG  ;124
7,70208E+12;GUAYO GAMERS ROJO / AZUL / NEGRO  13;1;76000;TFG  ;125
7,70208E+12;GUAYO GAMERS ROJO / AZUL / NEGRO  1;1;76000;TFG  ;126
7,70208E+12;GUAYO GAMERS AMARILLO/NEGRO 2 1/2;1;76000;TFG  ;127
7,70208E+12;GUAYO GAMERS ROJO / AZUL / NEGRO  4 1/2;1;76000;TFG  ;128
7,70208E+12;GUAYO GAMERS AMARILLO/NEGRO 5;1;76000;TFG  ;129
7,70208E+12;GUAYO GAMERS ROJO / AZUL / NEGRO  5;1;76000;TFG  ;130
7,70208E+12;ZAP. TURF GAMERS AZUL/NEGRO 13;1;85000;TFG  ;131
7,70208E+12;ZAP. TURF GAMERS AZUL/NEGRO 1;1;85000;TFG  ;132
7,70208E+12;ZAP. TURF GAMERS AZUL/NEGRO 2;3;85000;TFG  ;133
7,70208E+12;GUAYO CLASSICS  VERDE LIMON/AZUL 8 TPU;1;107000;TFG  ;134
7,70208E+12;ZAP. TURF GAMERS AZUL/NEGRO 2 1/2;3;85000;TFG  ;135
7,70208E+12;GUAYO CLASSICS  VERDE LIMON/AZUL 9 TPU;1;107000;TFG  ;136
7,70208E+12;ZAP. TURF GAMERS AZUL/NEGRO 4 1/2;1;85000;TFG  ;137
7,70208E+12;GUAYO CLASSICS  VERDE LIMON/AZUL 10 TPU;1;107000;TFG  ;138
7,70208E+12;ZAP. TURF GAMERS AZUL/NEGRO 5;1;85000;TFG  ;139
7,70208E+12;GUAYO PROFASTER NARANJA / GRIS 11/2;4;59000;TFG  ;140
7,70208E+12;ZAP. TURF GAMERS AMARILLO / NEGRO 13;1;85000;TFG  ;141
7,70208E+12;ZAP. TURF GAMERS AMARILLO / NEGRO 1;1;85000;TFG  ;142
7,70208E+12;GUAYO CLASSICS AZUL/VERDE 7 1/2 TPU;1;107000;TFG  ;143
7,70208E+12;ZAP. TURF GAMERS AMARILLO / NEGRO 2;1;85000;TFG  ;144
7,70208E+12;GUAYO CLASSICS AZUL/VERDE 8 TPU;1;107000;TFG  ;145
7,70208E+12;ZAP. TURF GAMERS AMARILLO / NEGRO 2 1/2;1;85000;TFG  ;146
7,70208E+12;GUAYO CLASSICS AZUL/VERDE 9 TPU;1;107000;TFG  ;147
7,70208E+12;ZAP. TURF GAMERS AMARILLO / NEGRO 3 1/2;1;85000;TFG  ;148
7,70208E+12;ZAP. TURF GAMERS AMARILLO / NEGRO 4 1/2;1;85000;TFG  ;149
7,70208E+12;GUAYO CLASSICS AZUL/VERDE 10 TPU;1;107000;TFG  ;150
7,70208E+12;GUAYO PROFASTER VERDE / AZUL 11 1/2;1;59000;TFG  ;151
7,70208E+12;ZAP. TURF GAMERS AZUL / VERDE / NEGRO 1;2;85000;TFG  ;152
7,70208E+12;GUAYO CLASSICS NARANJA/AMARILLO 7 1/2 TPU;1;107000;TFG  ;153
7,70208E+12;ZAP. TURF GAMERS AZUL / VERDE / NEGRO 2;3;85000;TFG  ;154
7,70208E+12;GUAYO CLASSICS  NARANJA/AMARILLO 8 TPU;1;107000;TFG  ;155
7,70208E+12;GUAYO CLASSICS  NARANJA/AMARILLO 9 TPU;1;107000;TFG  ;156
7,70208E+12;GUAYO CLASSICS  NARANJA/AMARILLO 9 1/2 TPU;1;107000;TFG  ;157
7,70208E+12;GUAYO PROFASTER NEGRO/AZUL 10;3;59000;TFG  ;158
7,70208E+12;ZAP. TURF GAMERS AZUL / VERDE / NEGRO 4 ½;1;85000;TFG  ;159
7,70208E+12;GUAYO CLASSICS NARANJA/AMARILLO 10 TPU;1;107000;TFG  ;160
7,70208E+12;ZAP. TURF GAMERS AZUL / VERDE / NEGRO 5;1;85000;TFG  ;161
7,70208E+12;GUAYO PROFASTER NEGRO / AMARILLO  7 1/2;1;59000;TFG  ;162
7,70208E+12;GUAYO CLASSICS BLANCO/PLATA 9 1/2 TPU;1;107000;TFG  ;163
7,70208E+12;GUAYO CLASSICS BLANCO/PLATA 10 TPU;1;107000;TFG  ;164
7,70208E+12;GUAYO  G-RACER VERDE/AZUL 13;3;93000;TFG  ;165
7,70208E+12;GUAYO  G-RACER VERDE/AZUL 1;3;93000;TFG  ;166
7,70208E+12;GUAYO  G-RACER VERDE/AZUL 2;3;93000;TFG  ;167
7,70208E+12;GUAYO  G-RACER VERDE/AZUL 2 1/2;3;93000;TFG  ;168
7,70208E+12;GUAYO  G-RACER VERDE/AZUL  3 1/2;3;93000;TFG  ;169
7,70208E+12;GUAYO  G-RACER VERDE/AZUL 4 1/2;3;93000;TFG  ;170
7,70208E+12;ZAP. TURF GAMERS ROJO/AZUL/NEGRO 13;1;85000;TFG  ;171
7,70208E+12;GUAYO  G-RACER VERDE/AZUL  5;3;93000;TFG  ;172
7,70208E+12;ZAP. TURF GAMERS ROJO/AZUL/NEGRO 1;1;85000;TFG  ;173
7,70208E+12;GUAYO  G-RACER AMARILLO/NEGRO 13;3;93000;TFG  ;174
7,70208E+12;ZAP. TURF GAMERS ROJO/AZUL/NEGRO 2;3;85000;TFG  ;175
7,70208E+12;GUAYO  G-RACER AMARILLO/NEGRO 1;3;93000;TFG  ;176
7,70208E+12;GUAYO  G-RACER AMARILLO/NEGRO 2;3;93000;TFG  ;177
7,70208E+12;GUAYO  G-RACER AMARILLO/NEGRO 2 1/2;3;93000;TFG  ;178
7,70208E+12;GUAYO  G-RACER AMARILLO/NEGRO 3 1/2;3;93000;TFG  ;179
7,70208E+12;ZAP. TURF GAMERS ROJO/AZUL/NEGRO 5;3;85000;TFG  ;180
7,70208E+12;GUAYO  G-RACER AMARILLO/NEGRO 4 1/2;3;93000;TFG  ;181
7,70208E+12;ZAP. LISA GAMERS AZUL / NEGRO 13;1;85000;TFG  ;182
7,70208E+12;GUAYO  G-RACER AMARILLO/NEGRO 5;3;93000;TFG  ;183
7,70208E+12;ZAP. LISA GAMERS AZUL / NEGRO 1;1;85000;TFG  ;184
7,70208E+12;GUAYO  G-RACER GRIS/NEGRO/AZUL 13;3;93000;TFG  ;185
7,70208E+12;ZAP. LISA GAMERS AZUL / NEGRO 2;1;85000;TFG  ;186
7,70208E+12;GUAYO  G-RACER GRIS/NEGRO/AZUL 1;1;93000;TFG  ;187
7,70208E+12;ZAP. LISA GAMERS AZUL / NEGRO 2 ½;1;85000;TFG  ;188
7,70208E+12;GUAYO  G-RACER GRIS/NEGRO/AZUL 2;3;93000;TFG  ;189
7,70208E+12;ZAP. LISA GAMERS AZUL / NEGRO 3 ½;1;85000;TFG  ;190
7,70208E+12;GUAYO  G-RACER GRIS/NEGRO/AZUL 2 1/2;3;93000;TFG  ;191
7,70208E+12;ZAP. LISA GAMERS AZUL/NEGRO / PLATA 4 1/2;1;85000;TFG  ;192
7,70208E+12;GUAYO  G-RACER GRIS/NEGRO/AZUL 3 1/2;3;93000;TFG  ;193
7,70208E+12;GUAYO  G-RACER GRIS/NEGRO/AZUL 4 1/2;3;93000;TFG  ;194
7,70208E+12;ZAP. LISA GAMERS AMARILLO/NEGRO 13;1;85000;TFG  ;195
7,70208E+12;GUAYO  G-RACER GRIS/NEGRO/AZUL 5;3;93000;TFG  ;196
7,70208E+12;ZAP. LISA GAMERS AMARILLO/NEGRO 1;1;85000;TFG  ;197
7,70208E+12;GUAYO  G-RACER GRIS/NARANJA 13;3;93000;TFG  ;198
7,70208E+12;ZAP. LISA GAMERS AMARILLO/NEGRO 2;1;85000;TFG  ;199
7,70208E+12;GUAYO  G-RACER GRIS/NARANJA 1;2;93000;TFG  ;200
7,70208E+12;ZAPAT. TORRETIN PROFASTER NEGRO /AZUL 9;4;93000;TFG  ;201
7,70208E+12;ZAP. LISA GAMERS AMARILLO/NEGRO 2 ½;1;85000;TFG  ;202
7,70208E+12;GUAYO  G-RACER GRIS/NARANJA 2;3;93000;TFG  ;203
7,70208E+12;ZAP. LISA GAMERS AMARILLO/NEGRO 3 ½;1;85000;TFG  ;204
7,70208E+12;GUAYO  G-RACER GRIS/NARANJA 2 1/2;3;93000;TFG  ;205
7,70208E+12;ZAP. LISA GAMERS AMARILLO/NEGRO 4 ½;1;85000;TFG  ;206
7,70208E+12;GUAYO  G-RACER GRIS/NARANJA 3 1/2;1;93000;TFG  ;207
7,70208E+12;ZAP. LISA GAMERS AMARILLO/NEGRO 5;1;85000;TFG  ;208
7,70208E+12;GUAYO  G-RACER GRIS/NARANJA 4 1/2;3;93000;TFG  ;209
7,70208E+12;ZAP. LISA GAMERS AZUL / VERDE / NEGRO 13;1;85000;TFG  ;210
7,70208E+12;GUAYO  G-RACER GRIS/NARANJA 5;3;93000;TFG  ;211
7,70208E+12;ZAP. TORR. PROFASTER NEGRO/AMARILLO 10;1;59000;TFG  ;212
7,70208E+12;ZAP. LISA GAMERS AZUL / VERDE / NEGRO 4 ½;1;85000;TFG  ;213
7,70208E+12;ZAP. TORR. PROFASTER NEGRO/AMARILLO 11;1;59000;TFG  ;214
7,70208E+12;ZAP. LISA GAMERS AZUL / VERDE / NEGRO 5;1;85000;TFG  ;215
7,70208E+12;ZAP. LISA GAMERS ROJO/AZUL/NEGRO 13;1;85000;TFG  ;216
7,70208E+12;ZAP. LISA GAMERS ROJO/AZUL/NEGRO 1;1;85000;TFG  ;217
7,70208E+12;ZAP. LISA GAMERS ROJO/AZUL/NEGRO 2 ½;1;85000;TFG  ;218
7,70208E+12;ZAP. LISA GAMERS ROJO/AZUL/NEGRO 4 ½;1;85000;TFG  ;219
7,70208E+12;ZAP. LISA GAMERS ROJO/AZUL/NEGRO 5;1;85000;TFG  ;220
7,70208E+12;GUAYO CLASSICS VERDE LIMON/AZUL 7 1/2 CAUCHO;1;99000;TFG  ;221
7,70208E+12;GUAYO CLASSICS  VERDE LIMON/AZUL 8 CAUCHO;1;99000;TFG  ;222
7,70208E+12;GUAYO CLASSICS  VERDE LIMON/AZUL 9 1/2 CAUCHO;1;99000;TFG  ;223
7,70208E+12;GUAYO CLASSICS  VERDE LIMON/AZUL 10 CAUCHO;1;99000;TFG  ;224
7,70208E+12;ZAPAT. LISA PROFASTER NEGRO / AMARILLO 9;2;59000;TFG  ;225
7,70208E+12;ZAPAT. LISA PROFASTER NEGRO / AMARILLO 11 1/2;1;59000;TFG  ;226
7,70208E+12;GUAYO SNIPER PROFESSIONAL LT NG/VER #37 ;2;45000;TFG  ;227
7,70208E+12;GUAYO SNIPER PROFESSIONAL LT RJ/NG/PL#42;8;45000;TFG  ;228
7,70208E+12;GUAYO CLASSICS AZUL/VERDE 8 CAUCHO;1;99000;TFG  ;229
7,70208E+12;GUAYO CLASSICS AZUL/VERDE 9 1/2 CAUCHO;1;99000;TFG  ;230
7,70208E+12;GUAYO CLASSICS AZUL/VERDE 10 CAUCHO;1;99000;TFG  ;231
7,70208E+12;GUAYO CLASSICS NARANJA/AMARILLO 7 1/2 CAUCHO;1;99000;TFG  ;232
7,70208E+12;GUAYO CLASSICS  NARANJA/AMARILLO 9 CAUCHO;1;99000;TFG  ;233
7,70208E+12;GUAYO CLASSICS  NARANJA/AMARILLO 9 1/2 CAUCHO;1;99000;TFG  ;234
7,70208E+12;GUAYO CLASSICS NARANJA/AMARILLO 10 CAUCHO;1;99000;TFG  ;235
7,70208E+12;GUAYO CLASSICS BLANCO/PLATA 7 1/2 CAUCHO;1;99000;TFG  ;236
7,70208E+12;GUAYO CLASSICS BLANCO/PLATA 8 CAUCHO;1;99000;TFG  ;237
7,70208E+12;GUAYO CLASSICS BLANCO/PLATA 9 CAUCHO;1;99000;TFG  ;238
7,70208E+12;GUAYO CLASSICS BLANCO/PLATA 9 1/2 CAUCHO;1;99000;TFG  ;239
7,70208E+12;GUAYO CLASSICS BLANCO/PLATA 10 CAUCHO;1;99000;TFG  ;240
7,70208E+12;ZAP. TORR. CLASSICS VERDE LIMON/AZUL 9;1;102000;TFG  ;241
7,70208E+12;ZAP. TORR. CLASSICS VERDE LIMON/AZUL 9 1/2;1;102000;TFG  ;242
7,70208E+12;GUAYO GOLTY G-FORCE RO/PL PU # 43       ;1;45000;TFG  ;243
7,70208E+12;ZAPATILLA TORRETIN CLASSICS AZUL/VERDE 7 1/2;1;102000;TFG  ;244
7,70208E+12;GUAYOGOLTY G-FORCE NG/DO PU # 43        ;1;45000;TFG  ;245
7,70208E+12;ZAPATILLA TORRETIN CLASSICS AZUL/VERDE 8;1;102000;TFG  ;246
7,70208E+12;ZAPATILLA TORRETIN CLASSICS AZUL/VERDE 9;2;102000;TFG  ;247
7,70208E+12;ZAPATILLA TORRETIN CLASSICS AZUL/VERDE 9 1/2;1;102000;TFG  ;248
7,70208E+12;ZAPATILLA TORRETIN CLASSICS AZUL/VERDE 10;1;102000;TFG  ;249
7,70208E+12;ZAP. TORR. CLASSICS NARANJA/AMARILLO 7 1/2;1;102000;TFG  ;250
7,70208E+12;ZAP. TORR. CLASSICS  NARANJA/AMARILLO 8;1;102000;TFG  ;251
7,70208E+12;ZAPATILLA TORRETIN CLASSICS BLANCO/PLATA 9;1;102000;TFG  ;252
7,70208E+12;ZAPATILLA TORRETIN CLASSICS BLANCO/PLATA 9 1/2;1;102000;TFG  ;253
7,70208E+12;ZAPATILLA TORRETIN CLASSICS BLANCO/PLATA 10;1;102000;TFG  ;254
7,70208E+12;ZAPATILLA TORRETIN CLASSICS BLANCO/PLATA 11;1;102000;TFG  ;255
7,70208E+12;ZAPATILLA LISA CLASSICS  VERDE LIMON/AZUL 8;1;109000;TFG  ;256
7,70208E+12;ZAPATILLA TORRETIN CLASSICS BLANCO/PLATA 11 1/2;2;102000;TFG  ;257
7,70208E+12;ZAPATILLA LISA CLASSICS  VERDE LIMON/AZUL 8 1/2;1;109000;TFG  ;258
7,70208E+12;ZAPATILLA LISA CLASSICS  VERDE LIMON/AZUL 9 1/2;1;109000;TFG  ;259
7,70208E+12;ZAPATILLA LISA CLASSICS AZUL/VERDE 8;1;109000;TFG  ;260
7,70208E+12;ZAPATILLA LISA CLASSICS  VERDE LIMON/AZUL 10;1;109000;TFG  ;261
7,70208E+12;ZAPATILLA LISA CLASSICS AZUL/VERDE 8 1/2;1;109000;TFG  ;262
7,70208E+12;ZAPATILLA LISA CLASSICS AZUL/VERDE 9 1/2;1;109000;TFG  ;263
7,70208E+12;ZAPATILLA LISA CLASSICS AZUL/VERDE 10;1;109000;TFG  ;264
7,70208E+12;ZAPATILLA LISA CLASSICS  NARANJA/AMARILLO 8;1;109000;TFG  ;265
7,70208E+12;ZAPATILLA LISA CLASSICS NARANJA/AMARILLO 8 1/2;1;109000;TFG  ;266
7,70208E+12;ZAPATILLA LISA CLASSICS BLANCO/PLATA 7;1;109000;TFG  ;267
7,70208E+12;ZAPATILLA LISA CLASSICS NARANJA/AMARILLO 9 1/2;1;109000;TFG  ;268
7,70208E+12;ZAPATILLA LISA CLASSICS NARANJA/AMARILLO 10;1;109000;TFG  ;269
7,70208E+12;ZAPATILLA LISA CLASSICS BLANCO/PLATA 9 1/2;1;109000;TFG  ;270
7,70208E+12;ZAPATILLA LISA CLASSICS BLANCO/PLATA 10;1;109000;TFG  ;271
7,70208E+12;GUAYO COSMIC VERDE LIMON/VERDE 40       ;1;45000;TFG  ;272
7,70208E+12;GUAYO COSMIC NEGRO/BLANCO 39            ;3;45000;TFG  ;273
7,70208E+12;GUAYO COSMIC NEGRO/BLANCO 40            ;1;45000;TFG  ;274
7,70208E+12;GUAYO COSMIC NEGRO/BLANCO 41            ;1;45000;TFG  ;275
7,70208E+12;GUAYO SUPER NOVA NEGRO/AMARILLO 38      ;1;42000;TFG  ;276
7,70208E+12;GUAYO SUPER NOVA NEGRO/AMARILLO 39      ;1;42000;TFG  ;277
7,70208E+12;GUANTE TRAINING GUANTE GOLTY GAMERS T5;8;39200;TFG  ;278
7,70208E+12;CANILLERA FUSION PROFESSIONAL S         ;3;42000;TFG  ;279
7,70208E+12;CANILLERA COMPETITION GOLTY CLASSICS -TM;10;29950;TFG  ;280
7,70208E+12;CANILLERA COMPETITION GOLTY CLASSICS -TS;15;29950;TFG  ;281
7,70208E+12;CANILLERA FUSION PROFESSIONAL L         ;2;42000;TFG  ;282
7,70208E+12;GUANTE FUSION PROFESSIONAL 8            ;6;106000;TFG  ;283
7,70208E+12;GUANTE TRAINING GUANTE GOLTY GAMERS T6;17;40000;TFG  ;284
7,70208E+12;GUANTE FUSION PROFESSIONAL 9            ;9;106000;TFG  ;285
7,70208E+12;GUANTE TRAINING GUANTE GOLTY GAMERS T7;24;40000;TFG  ;286
7,70208E+12;GUANTE FUSION PROFESSIONAL 10           ;6;106000;TFG  ;287
7,70208E+12;GUANTE FUSION PROFESSIONAL 11           ;1;106000;TFG  ;288
7,70208E+12;CANILLERA  TRAINING GOLTY GAMERS TXS;15;16600;TFG  ;289
7,70208E+12;CANILLERA TRAINING GOLTY GAMERS TS;13;16600;TFG  ;290
7,70208E+12;CANILLERA  TRAINING GOLTY GAMERS TM;10;16600;TFG  ;291
7,70208E+12;CANILLERA GOLTY TRAINING NX M 2a;45;7000;TFG  ;292
7,70208E+12;GUANTE PROFESIONAL T9;10;106000;TFG  ;293
7,70208E+12;GUANTE PROFESIONAL T10;8;106000;TFG  ;294
7,70208E+12;GUANTE PROFESIONAL T11;8;106000;TFG  ;295
7,70208E+12;GUANTE PROFESIONAL T8;12;106000;TFG  ;296
7,70208E+12;CANILLERA PROFESIONAL TS;24;42000;TFG  ;297
7,70208E+12;CANILLERA PROFESIONAL TM;5;42000;TFG  ;298
7,70208E+12;CANILLERA PROFESIONAL TL;7;42000;TFG  ;299
7,70208E+12;GUANTE COMPETITION GOLTY CLASSICS T8;5;74500;TFG  ;300
7,70208E+12;GUANTE COMPETITION GOLTY CLASSICS T9;7;74500;TFG  ;301
7,70208E+12;GUANTE COMPETITION GOLTY CLASSICS T10;10;74500;TFG  ;302
7,70208E+12;GUANTE COMPETITION GOLTY CLASSICS T11;6;74500;TFG  ;303
7,70208E+12;GUANTE COMPETITION GOLTY CLASSICS T5;7;74500;TFG  ;304
7,70208E+12;GUANTE COMPETITION GOLTY CLASSICS T6;6;74500;TFG  ;305
7,70208E+12;GUANTE COMPETITION GOLTY CLASSICS T7;6;74500;TFG  ;306
7,70208E+12;MEDIA FUTBOL GOLTY TALLA UNICA BLANCA   ;3;13000;TFG  ;307
7,70208E+12;MEDIA GOLTY AZUL OSC./L.BLANCO T.10-12;16;13000;TFG  ;308
7,70208E+12;MEDIA GOLTY PROFES.T.UNICA VERDE.C/BLANC;7;13000;TFG  ;309
7,70208E+12;MEDIAS GOLTY BLANCO T. 10-12 M;9;13000;TFG  ;310
7,70208E+12;MEDIAS GOLTY NEGRO T. 10-12 M;6;13000;TFG  ;311
7,70208E+12;MEDIAS GOLTY AZUL T. 10-12 M;7;13000;TFG  ;312
7,70208E+12;ZAPATILLA GOLTY G-FORCE CAFE# 31 LIS    ;1;28000;TFG  ;313
7,70208E+12;ZAPAT TURF G FORCE PRO INDOOR BL/VER #37;2;38000;TFG  ;314
7,70208E+12;GUAYO SNIPER HX OUTDOOR GR/AZ # 39      ;1;45000;TFG  ;315
7,70208E+12;GUAYO SNIPER HX OUTDOOR GR/AZ # 40      ;1;45000;TFG  ;316
7,70208E+12;GUAYO SNIPER PROFESSIONAL LT BL/GR # 37 ;2;45000;TFG  ;317
7,70208E+12;FUTBOL PRO GOLTY DUALTECH TRADITIONAL N.5;2;90000;TFG  ;318
7,70208E+12;FUTBOL PRO GOLTY DUALTECH TRADITIONAL  N.4;2;88000;TFG  ;319
7,70208E+12;FUTBOL PROFESSIONAL 4                   ;1;74000;TFG  ;320
7,70208E+12;FUTBOL GOLTY HINCHA AMERICA N.5 COS MAQ;6;47200;TFG  ;321
7,70208E+12;FUTBOL No. 5 COMPETITION LAMINADO 2a    ;2;30000;TFG  ;322
7,70208E+12;FUTBOL GOLTY HINCHA SANTA FE N.5 COS MAQ;4;47200;TFG  ;323
7,70208E+12;FUTBOL GOLTY HINCHA SANTA FE N.1 COS MAQ;3;24100;TFG  ;324
7,70208E+12;FUTBOL GOLTY HINCHA DIM N.5 COS MAQ;5;47200;TFG  ;325
7,70208E+12;FUTBOL GOLTY HINCHA DIM N.1 COS MAQ;2;24100;TFG  ;326
7,70208E+12;FUTBOL No. 4 TRAINING LAMINADO          ;7;61900;TFG  ;327
7,70208E+12;FUTBOL No. 4 TRAINING LAMINADO 2a       ;2;43400;TFG  ;328
7,70208E+12;FUTBOL TRAINING GOLTY NO.3 DUALTECH;2;79800;TFG  ;329
7,70208E+12;FUTBOL GOLTY HINCHA JUNIOR NO.5 COS MAQ;5;47200;TFG  ;330
7,70208E+12;FUTBOL No 4 DYNAMIC COSIDO A MAQ MO/PLA ;13;27900;TFG  ;331
7,70208E+12;FUTBOL GOLTY HINCHA MILLONARIOS N.5 COS MAQ;6;47200;TFG  ;332
7,70208E+12;FUTBOL GOLTY HINCHA MILLONARIOS N.1 COS MAQ;6;24100;TFG  ;333
7,70208E+12;FUTBOL GOLTY HINCHA CALI NO.5 COS MAQ;4;47200;TFG  ;334
7,70208E+12;"GOLTY TUCHIN NO.1 COSIDO A MAQUINA	2a   ";2;7000;TFG  ;335
7,70208E+12;FUTBOL GOLTY HINCHA CALI NO.1 COS MAQ;2;24100;TFG  ;336
7,70208E+12;FUTBOL COLECCIONABLE GOLTY INVICTUS CMI No. 1;4;50000;TFG  ;337
7,70208E+12;FUTBOL PROMOCION No. 5                  ;1;36000;TFG  ;338
7,70208E+12;KIT COLECCIONABLES FPC GOLTY 1991 - 2008;6;39000;TFG  ;339
7,70208E+12;KIT COLECCIONABLES FPC GOLTY 2008 - 2014;12;39000;TFG  ;340
7,70208E+12;FUTBOL No. 5 MAGNUM COSIDO              ;5;115400;TFG  ;341
7,70208E+12;FUTBOL No. 5 MAGNUM COSIDO 2a           ;5;81000;TFG  ;342
7,70208E+12;BALON GOLTY HINCHA SELECCION COLOMBIA;1;20000;TFG  ;343
7,70208E+12;BALON GOLTY HINCHA SELECCION COLOMBIA 2a;2;7000;TFG  ;344
7,70208E+12;FUTBOL PROFESSIONAL GOLTY MAGNUM GRIS COSIDO A MANO NO.5 M;2;115400;TFG  ;345
7,70208E+12;BALON REPLICA NO.1 MAGNUM SILVER 2a;1;7000;TFG  ;346
7,70208E+12;BALON REPLICA NO.1 MAGNUM NX 2a;2;7000;TFG  ;347
7,70208E+12;FUTBOL NO.3 GOLTY DYNAMIC COLORES 2a    ;15;27000;TFG  ;348
7,70208E+12;BALON GOLTY HINCHA No.1 MILLONARIOS 2a;5;19000;TFG  ;349
7,70208E+12;FUTBOL NO.4 GOLTY DYNAMIC COLORES       ;4;59100;TFG  ;350
7,70208E+12;FUTBOL NO.5 GOLTY MACONDO REPLICA       ;1;36800;TFG  ;351
7,70208E+12;BALON GOLTY FUSION  No 4 CMI            ;15;113000;TFG  ;352
7,70208E+12;FUTBOL PROF GOLTY TRAD DORADO No.5 PU 2a;1;;TFG  ;353
7,70208E+12;FUTBOL PRO  GOLTY NEO DUALTECH NO. 5;2;96700;TFG  ;354
7,70208E+12;BALON GOLTY HINCHA 5 LAMINADO ONCECALDAS;1;65000;TFG  ;355
7,70208E+12;FUTBOL No. 5 EL DORADO CMI 2a           ;3;105000;TFG  ;356
7,70208E+12;GOLTY HINCHA SELECCION COLOMBIA No. 1;16;16000;TFG  ;357
7,70208E+12;COLECCIONABLE GOLTY NX MACONDO No.1;1;50000;TFG  ;358
7,70208E+12;BALON GOLTY HINCHA5 LAMINADO SANTA FE 2a;13;37000;TFG  ;359
7,70208E+12;FUTBOL GOLTY GAMBETA NO.5 COS. MAQ;6;42000;TFG  ;360
7,70208E+12;FUTBOL GOLTY GAMBETA NO.5 COS. MAQ 2a;1;29400;TFG  ;361
7,70208E+12;FUTBOL GOLTY GAMBETA NO.4 COS. MAQ;9;39500;TFG  ;362
7,70208E+12;FUTBOL GOLTY GAMBETA NO.3 COS. MAQ;3;37800;TFG  ;363
7,70208E+12;FUTBOL GOLTY GAMBETA NO.3 COS. MAQ 2a;1;26600;TFG  ;364
7,70208E+12;FUTBOL GOLTY INVICTUS No 5 COS. MAQ;18;51200;TFG  ;365
7,70208E+12;FUTBOL GOLTY INVICTUS No 5 COS. MAQ 2a;1;35700;TFG  ;366
7,70208E+12;BALON GOLTY HINCHA 5 LAMINADO AMERICA 2a;3;35000;TFG  ;367
7,70208E+12;FUTBOL GOLTY INVICTUS No 1 COS. MAQ;5;24400;TFG  ;368
7,70208E+12;FUTBOL GOLTY BANDERAS NO.5;1;50000;TFG  ;369
7,70208E+12;GOLTY HINCHA CLUB ATL. B/MANGA No.5-COS MAQ;3;47200;TFG  ;370
7,70208E+12;FUTBOL 5 EL DORADO CMI DIMAYOR          ;2;;TFG  ;371
7,70208E+12;FUTBOL PROFESSIONAL  GOLTY INVICTUS No. 5 CMI;6;180000;TFG  ;372
7,70208E+12;FUTBOL PROFESSIONAL  GOLTY INVICTUS No. 5 CMI 2a.;6;126000;TFG  ;373
7,70208E+12;FUTBOL # 4 EL DORADO CMI                ;4;105000;TFG  ;374
7,70208E+12;FUTBOL # 4 EL DORADO CMI 2a             ;26;76000;TFG  ;375
7,70208E+12;FUTBOL PROFESSIONAL  GOLTY INVICTUS No. 4 CMI;10;113000;TFG  ;376
7,70208E+12;FUTBOL PROF GOLTY INVICTUS No. 4 CMI 2a;6;79100;TFG  ;377
7,70208E+12;FUTBOL COMPETITION GOLTY G32 No.5;6;67600;TFG  ;378
7,70208E+12;FUTBOL COMPETITION GOLTY G32 No.5 2a;3;47600;TFG  ;379
7,70208E+12;FUTBOL COMPETITION GOLTY G32 No.4;6;61900;TFG  ;380
7,70208E+12;FUTBOL COMPETITION GOLTY G32 No.4 2a;5;43400;TFG  ;381
7,70208E+12;FUTBOL COMPETITION GOLTY G32 No.3 2a;11;31200;TFG  ;382
7,70208E+12;FUTBOL PRO GOLTY DUALTECH N.4;1;84200;TFG  ;383
7,70208E+12;FUTBOL COMPETITION GOLTY STREET NO.5;9;67600;TFG  ;384
7,70208E+12;FUTBOL TUCHIN No 5 CONSTRUCCION CMI     ;1;150000;TFG  ;385
7,70208E+12;FUTBOL SALA MAGNUN AMARILLO 2a;3;70700;TFG  ;386
7,70208E+12;FUTSAL COMP GOLTY NITRO KMT AM/VER;4;42000;TFG  ;387
7,70208E+12;MICROFUTBOL PROFESSIONAL - INDOOR 2a    ;5;61600;TFG  ;388
7,70208E+12;FUTBOL SALA PROFESSIONAL  GOLTY MAGNUM 2a;2;70700;TFG  ;389
7,70208E+12;MICROFUTBOL PROFESIONAL FUSION 2a;1;72800;TFG  ;390
7,70208E+12;FUTBOL SALA PRO GOLTY DUALTECH;5;88000;TFG  ;391
7,70208E+12;FUTBOL SALA PROFESSIONAL GOLTY MAGNUM II;6;101300;TFG  ;392
7,70208E+12;BALONCESTO SUPER TEAM BCV7              ;2;40800;TFG  ;393
7,70208E+12;BALONCESTO COMPETITION GOLTY STREET No 7;7;44700;TFG  ;394
7,70208E+12;BALONCESTO GOLTY SURTIDO COLORES        ;2;34000;TFG  ;395
7,70208E+12;VOLEIBOL COMP P.U. VPU5C                ;1;74000;TFG  ;396
7,70208E+12;BALONCESTO CAUCHO No 3                  ;1;20000;TFG  ;397
7,70208E+12;LYCRA GOLTY M.CORTA NEGRO S;10;47000;TFG  ;398
7,70208E+12;LYCRA GOLTY M.CORTA NEGRO L;1;47000;TFG  ;399
7,70208E+12;LYCRA GOLTY M.LARGA NEGRO M;20;47000;TFG  ;400
7,70208E+12;LYCRA GOLTY M.LARGA BLANCO M;18;55100;TFG  ;401
7,70208E+12;LYCRA GOLTY M.LARGA AZUL L;2;55100;TFG  ;402
7,70208E+12;LYCRA GOLTY S.MANGA NEGRO M;2;42300;TFG  ;403
7,70208E+12;LYCRA GOLTY M.LARGA NEGRO S;5;55100;TFG  ;404
7,70208E+12;LYCRA GOLTY M.LARGA AZUL M;3;55100;TFG  ;405
7,70208E+12;GUAYO CAU BLANCO NX # 41                ;2;41000;TFG  ;406
7,70208E+12;FUTBOL No.5 COMP. LAMINADO BANDERAS 2a;2;35000;TFG  ;407
7,70208E+12;FUTBOL NO.4 CASA DEL DEPORTE            ;5;25000;TFG  ;408
7,70208E+12;FUTBOL No.4 COMP. LAMINADO  ARISTIGOL 2a;1;25000;TFG  ;409
7,70208E+12;FUTBOL No.3 COMP. LAMINADO  ARISTIGOL 2a;3;25000;TFG  ;410
7,70208E+12;KIT GOLTY INVICTUS No.5 Y No.1;2;180000;TFG  ;411
7,70208E+12;KIT CANILLERA POINT TS/MEDIAS GOLTY AZUL T10-12 M;3;26000;TFG  ;412
7,70208E+12;KIT CANILLERA POINT TM/MEDIAS GOLTY AZUL T10-12 M;2;26000;TFG  ;413
7,70208E+12;INFLADOR GOLTY REF:CH-010P DOBLE ACCION ;6;8850;TFG  ;414
7,70208E+12;INFLADORGOLTYREF:CH-012P 2a             ;4;7400;TFG  ;415
7,70208E+12;MEDIDOR PRESION T.MANOMETRO REF:CJ-02   ;3;18500;TFG  ;416
7,70208E+12;GUAYO LETHAL PRO VERDE/AZUL/NEGRO 7 1/2;1;110000;TFG  ;417
7,70208E+12;ZAP. TURF  LETHAL PRO NARANJA/VERDE/NEGRO 11 1/2;2;105000;TFG  ;418
7,70208E+12;GUAYO GAMERS AZUL / VERDE / NEGRO 3 1/2;1;76000;TFG  ;419
7,70208E+12;ZAP. TURF GAMERS AZUL / VERDE / NEGRO 13;1;85000;TFG  ;420
7,70208E+12;ZAP. LISA GAMERS AZUL / VERDE / NEGRO 3 ½;1;85000;TFG  ;421
7,70208E+12;GOLTY FUSION No. 1 COSIDO A MAQUINA     ;2;24000;TFG  ;422
7,70208E+12;BALON REPLICA NO.1 MAGNUM NX            ;1;24000;TFG  ;423
7,70208E+12;BALON REPLICA NO.1 PROFES. TRADICIONAL  ;1;24000;TFG  ;424
7,70208E+12;FUTBOL NO.3 GOLTY DYNAMIC COLORES       ;7;55600;TFG  ;425
7,70208E+12;GOLTY FUSION No.5 CONST CMI-CONV DIMAYOR;6;105000;TFG  ;426
7,70208E+12;GOLTY TUCHIN NO.1 SOUVENIR LAMINADO     ;2;50000;TFG  ;427
7,70208E+12;FUTBOL GOLTY LAMINADO No. 5 2a;2;44100;TFG  ;428
7,70208E+12;FUTBOL PRO GOLTY DUALTECH N.5;3;89300;TFG  ;429
7,70208E+12;FUTBOL COMPETITION GOLTY G32 No.3;1;57200;TFG  ;430
7,70208E+12;LYCRA GOLTY M.CORTA AZUL S;2;47000;TFG  ;431
7,70208E+12;LYCRA GOLTY M.CORTA AZUL L;2;47000;TFG  ;432
7,70208E+12;LYCRA GOLTY M.CORTA NEGRO M;1;47000;TFG  ;433
7,70208E+12;LYCRA GOLTY M.CORTA BLANCO S;1;47000;TFG  ;434
7,70208E+12;LYCRA GOLTY M.CORTA BLANCO L;1;47000;TFG  ;435
7,70208E+12;GOLTY FUSION No. 5 CONSTRUCCION CMI 2a  ;2;105000;TFG  ;436
7,70208E+12;FUTBOL No 3 DYNAMIC COSIDO A MAQ VER/AZ ;1;28000;TFG  ;437
7,70208E+12;BALON GOLTY HINCHA 5 LAMINADO CALI 2a;1;31000;TFG  ;438
7,70208E+12;ZAP TORR TRAIN ELEMT VOLCANO US3 EU35;1;75000;TFG  ;439
7,70208E+12;MEDIA GOLTY NEGRO/ L.BLANCO T. 10-12;12;13000;TFG  ;440
7,70208E+12;COLECCIONABLE GOLTY MAGNUM GRIS LAMINADO No.1;2;24000;TFG  ;441
7,70208E+12;BALON REPLICA No.1 DORADO               ;7;24000;TFG  ;442
