7702080520036;GUAYO TRAIN ELEMT TERRA USA10K EUR27,5;6;67300;TOM  ;6
7702080520135;GUAYO TRAIN ELEMT TERRA USA11K EUR 28,5;2;67300;TOM  ;2
7702080520234;GUAYO TRAIN ELEMT TERRA USA11 1/2K EUR 29;9;67300;TOM  ;9
7702080520432;GUAYO TRAIN ELEMT TERRA USA13K EUR31;3;67300;TOM  ;3
7702080521132;GUAYO TRAIN ELEMT AQUA USA10K EU27,5;2;67300;TOM  ;2
7702080521330;GUAYO TRAIN ELEMT AQUA US11 1/2K EU 29;3;67300;TOM  ;3
7702080521538;GUAYO TRAIN ELEMT AQUA USA13K EUR31;2;67300;TOM  ;2
7702080522238;GUAYO TRAIN ELEMT VOLCANO USA10K EUR27,5;6;67300;TOM  ;6
7702080522337;GUAYO TRAIN ELEMT VOLCANO USA11K EUR 28,5;2;67300;TOM  ;2
7702080522436;GUAYO TRAIN ELEMT VOLCANO USA11 1/2 KEUR 29;3;67300;TOM  ;3
7702080523334;GUAYO TRAIN ELEMT TORNADO USA10K EUR27,5;8;67300;TOM  ;8
7702080523433;GUAYO TRAIN ELEMT TORNADO USA11K EUR 28,5;3;67300;TOM  ;3
7702080523532;GUAYO TRAIN ELEMT TORNADO USA11 1/2 KEUR 29;6;67300;TOM  ;6
7702080523631;GUAYO TRAIN ELEMT TORNADO USA12 1/2K EUR30,5;1;67300;TOM  ;1
7702080523730;GUAYO TRAIN ELEMT TORNADO USA13K EUR31;5;67300;TOM  ;5
7702080524430;GUAYO TRAIN ELEMT METALLIC USA10K EUR27,5;7;67300;TOM  ;7
7702080524539;GUAYO TRAIN ELEMT METALLIC USA11K EUR 28,5;1;67300;TOM  ;1
7702080524638;GUAYO TRAIN ELEMT METALLIC USA11 1/2 KEUR 29;12;67300;TOM  ;12
7702080524836;GUAYO TRAIN ELEMT METALLIC USA13K EUR31;6;67300;TOM  ;6
7702080525536;ZAP TORR TRAIN ELEMT TERRA USA13 1/2K EUR31,5;1;66500;TOM  ;1
7702080525635;ZAP TORR TRAIN ELEMT TERRA USA1 1/2 EUR33;8;66500;TOM  ;8
7702080525734;ZAP TORR TRAIN ELEMT TERRA USA2 EUR33,5;7;66500;TOM  ;7
7702080525833;ZAP TORR TRAIN ELEMT TERRA USA3 EUR35;1;66500;TOM  ;1
7702080525932;ZAP TORR TRAIN ELEMT TERRA USA4 EUR36;3;66500;TOM  ;3
7702080526038;ZAP TORR TRAIN ELEMT TERRA USA4 1/2 EUR36,7;4;66500;TOM  ;4
7702080526236;ZAP TORR TRAIN ELEMT AQUA USA13 1/2K EUR31,5;1;66500;TOM  ;1
7702080526434;ZAP TORR TRAIN ELEMT AQUA USA2 EUR33,5;3;66500;TOM  ;3
7702080526533;ZAP TORR TRAIN ELEMT AQUA USA3 EUR35;1;66500;TOM  ;1
7702080526632;ZAP TORR TRAIN ELEMT AQUA USA4 EUR36;2;66500;TOM  ;2
7702080526731;ZAP TORR TRAIN ELEMT AQUA USA4 1/2 EUR36,7;3;66500;TOM  ;3
7702080526830;ZAP TORR TRAIN ELEMT AQUA USA5 EUR37,3;1;66500;TOM  ;1
7702080526939;ZAP TORR TRAIN ELEMT VOLCANO US13 1/2K EU31,5;2;66500;TOM  ;2
7702080527035;ZAP TORR TRAIN ELEMT VOLCANO US1 1/2 EU33;6;66500;TOM  ;6
7702080527233;ZAP TORR TRAIN ELEMT VOLCANO US3 EU35;3;66500;TOM  ;3
7702080527332;ZAP TORR TRAIN ELEMT VOLCANO US4 EU36;2;66500;TOM  ;2
7702080527530;ZAP TORR TRAIN ELEMT VOLCANO USA5 EUR37,3;4;66500;TOM  ;4
7702080527639;ZAP TORR TRAIN ELEMT TORNADO US13 1/2K EU31,5;4;66500;TOM  ;4
7702080527738;ZAP TORR TRAIN ELEMT TORNADO US1 1/2 EU33;4;66500;TOM  ;4
7702080527837;ZAP TORR TRAIN ELEMT TORNADO US2 EU33,5;5;66500;TOM  ;5
7702080527936;ZAP TORR TRAIN ELEMT TORNADO US3 EU35;6;66500;TOM  ;6
7702080528032;ZAP TORR TRAIN ELEMT TORNADO US4 EU36;2;66500;TOM  ;2
7702080528131;ZAP TORR TRAIN ELEMT TORNADO US4 1/2 EU36,7;1;66500;TOM  ;1
7702080528230;ZAP TORR TRAIN ELEMT TORNADO US5 EU37,3;3;66500;TOM  ;3
7702080528339;ZAP TORR TRAIN ELEMT METALLIC US13 1/2K EU31,5;3;66500;TOM  ;3
7702080528438;ZAP TORR TRAIN ELEMT METALLIC US1 1/2 EU33;4;66500;TOM  ;4
7702080528537;ZAP TORR TRAIN ELEMT METALLIC USA2 EU33,5;4;66500;TOM  ;4
7702080528735;ZAP TORR TRAIN ELEMT METALLIC USA4 EU36;6;66500;TOM  ;6
7702080528834;ZAP TORR TRAIN ELEMT METALLIC USA4 1/2 EU36,7;4;66500;TOM  ;4
7702080528933;ZAP TORR TRAIN ELEMT METALLIC USA5 EUR37,3;7;66500;TOM  ;7
7702080540034;GUAYO LETHAL PRO LIMON / AGUAMARINA 9;2;94850;TOM  ;2
7702080540133;GUAYO LETHAL PRO LIMON / AGUAMARINA 9 1/2;2;94850;TOM  ;2
7702080540232;GUAYO LETHAL PRO LIMON / AGUAMARINA 10;2;94850;TOM  ;2
7702080540331;GUAYO LETHAL PRO LIMON / AGUAMARINA 11;8;94850;TOM  ;8
7702080540430;GUAYO LETHAL PRO LIMON / AGUAMARINA 11 ½;8;94850;TOM  ;8
7702080540638;GUAYO LETHAL PRO VERDE/AZUL/NEGRO 8;1;94850;TOM  ;1
7702080540737;GUAYO LETHAL PRO VERDE/AZUL/NEGRO 9;2;94850;TOM  ;2
7702080540836;GUAYO LETHAL PRO VERDE/AZUL/NEGRO 9 1/2;1;94850;TOM  ;1
7702080540935;GUAYO LETHAL PRO VERDE/AZUL/NEGRO 10;9;94850;TOM  ;9
7702080541031;GUAYO LETHAL PRO VERDE/AZUL/NEGRO 11;7;94850;TOM  ;7
7702080541130;GUAYO LETHAL PRO VERDE/AZUL/NEGRO 11 1/2;6;94850;TOM  ;6
7702080541253;GUAYO TRAIN GOLTY NEON VERDE/NAR 4 1/2;1;73000;TOM  ;1
7702080541314;GUAYO SUPERNOVA NEGRO/ROJO 43           ;1;74500;TOM  ;1
7702080541352;GUAYO TRAIN GOLTY NEON VERDE/NAR 5;3;73000;TOM  ;3
7702080541932;GUAYO LETHAL PRO NARANJA / VERDE/NEGRO 7 1/2;2;94850;TOM  ;2
7702080542038;GUAYO LETHAL PRO NARANJA / VERDE/NEGRO 8;1;94850;TOM  ;1
7702080542335;GUAYO LETHAL PRO NARANJA / VERDE/NEGRO 10;2;94850;TOM  ;2
7702080542441;GUAYO LETHAL PRO NARANJA/VERDE/NEGRO 11 2a;1;45100;TOM  ;1
7702080542533;GUAYO LETHAL PRO NARANJA / VERDE/NEGRO 11 1/2;6;94850;TOM  ;6
7702080542540;GUAYO LETHAL PRO NAR/ VERDE/NEGRO 11 1/2 2a;1;46200;TOM  ;1
7702080542571;GUAYO TRAIN GOLTY NEON NAR/VERDE 4 1/2;1;73000;TOM  ;1
7702080542632;ZAP. TURF LETHAL PRO LIMON / AGUAMARINA 7 ½;7;90550;TOM  ;7
7702080542670;GUAYO TRAIN GOLTY NEON NAR/VERDE 5;2;73000;TOM  ;2
7702080542731;ZAP. TURF LETHAL PRO LIMON / AGUAMARINA 8;2;90550;TOM  ;2
7702080542939;ZAP. TURF LETHAL PRO LIMON / AGUAMARINA 9 ½;4;90550;TOM  ;4
7702080543035;ZAP. TURF LETHAL PRO LIMON / AGUAMARINA 10;7;90550;TOM  ;7
7702080543134;ZAP. TURF LETHAL PRO LIMON / AGUAMARINA 11;7;90550;TOM  ;7
7702080543233;ZAP. TURF LETHAL PRO LIMON / AGUAMARINA 11 ½;8;90550;TOM  ;8
7702080543271;GUAYO TRAIN GOLTY NEON VERDE/MORADO 4 1/2;2;73000;TOM  ;2
7702080543332;ZAP, TURF  LETHAL PRO VERDE/AZUL/NEGRO 7 1/2;2;90550;TOM  ;2
7702080543370;GUAYO TRAIN GOLTY NEON VERDE/MORADO 5;2;73000;TOM  ;2
7702080543738;ZAP TURF  LETHAL PRO VERDE/AZUL/NEGRO 10;2;90550;TOM  ;2
7702080543837;ZAP, TURF  LETHAL PRO VERDE/AZUL/NEGRO 11;4;90550;TOM  ;4
7702080543936;ZAP TURF  LETHAL PRO VERDE/AZUL/NEGRO 11 1/2;1;90550;TOM  ;1
7702080543974;GUAYO TRAIN GOLTY NEON AMAR/AZUL 4 1/2;2;73000;TOM  ;2
7702080544070;GUAYO TRAIN GOLTY NEON AMAR/AZUL 5;2;73000;TOM  ;2
7702080544735;ZAP. TURF  LETHAL PRO NARANJA/VERDE/NEGRO 7 1/2;1;90550;TOM  ;1
7702080545138;ZAP. TURF  LETHAL PRO NARANJA/VERDE/NEGRO 10;4;90550;TOM  ;4
7702080545237;ZAP. TURF  LETHAL PRO NARANJA/VERDE/NEGRO 11;4;90550;TOM  ;4
7702080545336;ZAP. TURF  LETHAL PRO NARANJA/VERDE/NEGRO 11 1/2;2;90550;TOM  ;2
7702080545718;GUAYO COSMIC KIDS NARANJA/NEGRO 26      ;1;53000;TOM  ;1
7702080545732;ZAP. LISA LETHAL PRO LIMON / AGUAMARINA 9 ½;1;100900;TOM  ;1
7702080545831;ZAP. LISA LETHAL PRO LIMON / AGUAMARINA 10;2;100900;TOM  ;2
7702080546739;ZAP LISA  LETHAL PRO VERDE/AZUL/NEGRO 11 1/2;1;100900;TOM  ;1
7702080546814;GUAYO COSMIC NARANJA/NEGRO 37           ;2;60000;TOM  ;2
7702080547835;ZAP. LISA  LETHAL PRO NARANJA/ VERDE/NEGRO 9 1/2;1;100900;TOM  ;1
7702080547934;ZAP. LISA  LETHAL PRO NARANJA/ VERDE/NEGRO 10;1;100900;TOM  ;1
7702080547941;ZAP LISA LETHAL PRO NAR/VERDE/NEGRO 10 2a;1;48950;TOM  ;1
7702080548634;GUAYO GAMERS AZUL / NEGRO 13;3;65550;TOM  ;3
7702080548733;GUAYO GAMERS AZUL / NEGRO  1;2;65550;TOM  ;2
7702080549037;GUAYO GAMERS AZUL / NEGRO  3 1/2;1;65550;TOM  ;1
7702080549432;GUAYO GAMERS ROJO / AZUL / NEGRO  2;1;65550;TOM  ;1
7702080549730;GUAYO GAMERS AMARILLO/NEGRO 13;2;65550;TOM  ;2
7702080549815;GUAYO LETHAL PRO LIMON / AGUAMARINA 7 1/2;2;94850;TOM  ;2
7702080549839;GUAYO GAMERS AMARILLO/NEGRO 1;4;65550;TOM  ;4
7702080549938;GUAYO GAMERS AMARILLO/NEGRO 2;3;65550;TOM  ;3
7702080550057;ZAP. LISA TRAIN GOLTY NEON AMAR/AZUL 1;2;78000;TOM  ;2
7702080550156;ZAP. LISA TRAIN GOLTY NEON AMAR/AZUL 2;2;78000;TOM  ;2
7702080550255;ZAP. LISA TRAIN GOLTY NEON AMAR/AZUL 2 1/2;2;78000;TOM  ;2
7702080550354;ZAP. LISA TRAIN GOLTY NEON AMAR/AZUL 3 1/2;2;78000;TOM  ;2
7702080550453;ZAP. LISA TRAIN GOLTY NEON AMAR/AZUL 4 1/2;2;78000;TOM  ;2
7702080551351;ZAP. LISA TRAIN GOLTY NEON VER/NAR 13K;2;78000;TOM  ;2
7702080551450;ZAP. LISA TRAIN GOLTY NEON VER/NAR 1;2;78000;TOM  ;2
7702080551559;ZAP. LISA TRAIN GOLTY NEON VER/NAR 2;2;78000;TOM  ;2
7702080551658;ZAP. LISA TRAIN GOLTY NEON VER/NAR 2 1/2;2;78000;TOM  ;2
7702080551757;ZAP. LISA TRAIN GOLTY NEON VER/NAR 3 1/2;2;78000;TOM  ;2
7702080551856;ZAP. LISA TRAIN GOLTY NEON VER/NAR 4 1/2;2;78000;TOM  ;2
7702080555939;GUAYO GAMERS AZUL / VERDE / NEGRO 13;2;65550;TOM  ;2
7702080556035;GUAYO GAMERS AZUL / VERDE / NEGRO 1;2;65550;TOM  ;2
7702080556233;GUAYO GAMERS AZUL / VERDE / NEGRO 2 1/2;1;65550;TOM  ;1
7702080558558;ZAP. LISA TRAIN GOLTY NEON NAR/VER 13K;2;78000;TOM  ;2
7702080558657;ZAP. LISA TRAIN GOLTY NEON NAR/VER 1;2;78000;TOM  ;2
7702080558756;ZAP. LISA TRAIN GOLTY NEON NAR/VER 2;2;78000;TOM  ;2
7702080558855;ZAP. LISA TRAIN GOLTY NEON NAR/VER 2 1/2;2;78000;TOM  ;2
7702080559234;GUAYO GAMERS ROJO / AZUL / NEGRO  13;4;65550;TOM  ;4
7702080559333;GUAYO GAMERS ROJO / AZUL / NEGRO  1;5;65550;TOM  ;5
7702080559357;ZAP. LISA TRAIN GOLTY NEON VER/MOR 1;2;78000;TOM  ;2
7702080559456;ZAP. LISA TRAIN GOLTY NEON VER/MOR 2;4;78000;TOM  ;4
7702080559531;GUAYO GAMERS ROJO / AZUL / NEGRO  2 1/2;1;65550;TOM  ;1
7702080559555;ZAP. LISA TRAIN GOLTY NEON VER/MOR 2 1/2;2;78000;TOM  ;2
7702080559616;GUAYO GAMERS AMARILLO/NEGRO 3 1/2;1;65550;TOM  ;1
7702080559654;ZAP. LISA TRAIN GOLTY NEON VER/MOR 3 1/2;2;78000;TOM  ;2
7702080559715;GUAYO GAMERS AMARILLO/NEGRO 4 1/2;2;65550;TOM  ;2
7702080559753;ZAP. LISA TRAIN GOLTY NEON VER/MOR 4 1/2;2;78000;TOM  ;2
7702080559852;ZAP. LISA TRAIN GOLTY NEON VER/MOR 5;2;78000;TOM  ;2
7702080559937;ZAP. TURF GAMERS AZUL/NEGRO 13;2;73300;TOM  ;2
7702080559951;ZAP. LISA TRAIN GOLTY NEON AMAR/AZUL 13K;2;78000;TOM  ;2
7702080560131;ZAP. TURF GAMERS AZUL/NEGRO 2;4;73300;TOM  ;4
7702080560230;ZAP. TURF GAMERS AZUL/NEGRO 2 1/2;4;73300;TOM  ;4
7702080560339;ZAP. TURF GAMERS AZUL/NEGRO 3 1/2;4;73300;TOM  ;4
7702080560353;GUAYO CLASSICS  VERDE LIMON/AZUL 9 1/2 TPU;1;92300;TOM  ;1
7702080560438;ZAP. TURF GAMERS AZUL/NEGRO 4 1/2;1;73300;TOM  ;1
7702080560612;GUAYO PROFASTER NARANJA / GRIS 11/2;1;75600;TOM  ;1
7702080560636;ZAP. TURF GAMERS AMARILLO / NEGRO 13;3;73300;TOM  ;3
7702080560735;ZAP. TURF GAMERS AMARILLO / NEGRO 1;1;73300;TOM  ;1
7702080560759;GUAYO CLASSICS AZUL/VERDE 7 1/2 TPU;3;92300;TOM  ;3
7702080560834;ZAP. TURF GAMERS AMARILLO / NEGRO 2;3;73300;TOM  ;3
7702080560933;ZAP. TURF GAMERS AMARILLO / NEGRO 2 1/2;4;73300;TOM  ;4
7702080560957;GUAYO CLASSICS AZUL/VERDE 9 TPU;2;92300;TOM  ;2
7702080561039;ZAP. TURF GAMERS AMARILLO / NEGRO 3 1/2;2;73300;TOM  ;2
7702080561138;ZAP. TURF GAMERS AMARILLO / NEGRO 4 1/2;3;73300;TOM  ;3
7702080561152;GUAYO CLASSICS AZUL/VERDE 10 TPU;5;92300;TOM  ;5
7702080561251;GUAYO CLASSICS AZUL/VERDE 11 TPU;8;92300;TOM  ;8
7702080561336;ZAP. TURF GAMERS AZUL / VERDE / NEGRO 13;4;73300;TOM  ;4
7702080561343;ZAP. TURF GAMERS AZUL/VERDE/NEGRO 13 2a;1;38200;TOM  ;1
7702080561435;ZAP. TURF GAMERS AZUL / VERDE / NEGRO 1;3;73300;TOM  ;3
7702080561459;GUAYO CLASSICS NARANJA/AMARILLO 7 1/2 TPU;4;92300;TOM  ;4
7702080561534;ZAP. TURF GAMERS AZUL / VERDE / NEGRO 2;4;73300;TOM  ;4
7702080561633;ZAP. TURF GAMERS AZUL / VERDE / NEGRO 2 ½;4;73300;TOM  ;4
7702080561855;GUAYO CLASSICS NARANJA/AMARILLO 10 TPU;2;92300;TOM  ;2
7702080561954;GUAYO CLASSICS NARANJA/AMARILLO  11 TPU;8;92300;TOM  ;8
7702080562050;GUAYO CLASSICS NARANJA/AMARILLO 11 1/2 TPU;4;92300;TOM  ;4
7702080562258;GUAYO CLASSICS BLANCO/PLATA 8 TPU;1;92300;TOM  ;1
7702080562357;GUAYO CLASSICS BLANCO/PLATA 9 TPU;1;92300;TOM  ;1
7702080562555;GUAYO CLASSICS BLANCO/PLATA 10 TPU;4;92300;TOM  ;4
7702080562654;GUAYO CLASSICS BLANCO/PLATA 11 TPU;8;92300;TOM  ;8
7702080562715;GUAYO PROFASTER NEGRO / AMARILLO  11 1/2;1;75600;TOM  ;1
7702080562753;GUAYO CLASSICS BLANCO/PLATA 11 1/2 TPU;4;92300;TOM  ;4
7702080562852;GUAYO  G-RACER VERDE/AZUL 13;4;78500;TOM  ;4
7702080563439;ZAP. TURF GAMERS ROJO/AZUL/NEGRO 13;4;73300;TOM  ;4
7702080563453;GUAYO  G-RACER VERDE/AZUL  5;1;78500;TOM  ;1
7702080563514;ZAPAT. TORRETIN PROFASTER NARANJA/GRIS 7 1/2;1;75600;TOM  ;1
7702080563538;ZAP. TURF GAMERS ROJO/AZUL/NEGRO 1;1;73300;TOM  ;1
7702080563552;GUAYO  G-RACER AMARILLO/NEGRO 13;2;78500;TOM  ;2
7702080563637;ZAP. TURF GAMERS ROJO/AZUL/NEGRO 2;1;73300;TOM  ;1
7702080563736;ZAP. TURF GAMERS ROJO/AZUL/NEGRO 2 1/2;2;73300;TOM  ;2
7702080564139;ZAP. LISA GAMERS AZUL / NEGRO 13;4;73300;TOM  ;4
7702080564238;ZAP. LISA GAMERS AZUL / NEGRO 1;3;73300;TOM  ;3
7702080564337;ZAP. LISA GAMERS AZUL / NEGRO 2;3;73300;TOM  ;3
7702080564436;ZAP. LISA GAMERS AZUL / NEGRO 2 ½;4;73300;TOM  ;4
7702080564535;ZAP. LISA GAMERS AZUL / NEGRO 3 ½;5;73300;TOM  ;5
7702080564634;ZAP. LISA GAMERS AZUL/NEGRO / PLATA 4 1/2;4;73300;TOM  ;4
7702080564719;ZAPAT. TORRETIN PROFASTER VERDE /AZUL 11;1;75600;TOM  ;1
7702080564733;ZAP. LISA GAMERS AZUL / NEGRO 5;2;73300;TOM  ;2
7702080564832;ZAP. LISA GAMERS AMARILLO/NEGRO 13;6;73300;TOM  ;6
7702080564931;ZAP. LISA GAMERS AMARILLO/NEGRO 1;5;73300;TOM  ;5
7702080564955;GUAYO  G-RACER GRIS/NARANJA 13;5;78500;TOM  ;5
7702080565037;ZAP. LISA GAMERS AMARILLO/NEGRO 2;8;73300;TOM  ;8
7702080565051;GUAYO  G-RACER GRIS/NARANJA 1;3;78500;TOM  ;3
7702080565136;ZAP. LISA GAMERS AMARILLO/NEGRO 2 ½;8;73300;TOM  ;8
7702080565235;ZAP. LISA GAMERS AMARILLO/NEGRO 3 ½;8;73300;TOM  ;8
7702080565334;ZAP. LISA GAMERS AMARILLO/NEGRO 4 ½;6;73300;TOM  ;6
7702080565358;GUAYO  G-RACER GRIS/NARANJA 3 1/2;1;78500;TOM  ;1
7702080565433;ZAP. LISA GAMERS AMARILLO/NEGRO 5;6;73300;TOM  ;6
7702080565532;ZAP. LISA GAMERS AZUL / VERDE / NEGRO 13;6;73300;TOM  ;6
7702080565631;ZAP. LISA GAMERS AZUL / VERDE / NEGRO 1;6;73300;TOM  ;6
7702080565655;ZAPATILLA LISA G-RACER VERDE/AZUL 13;3;78500;TOM  ;3
7702080565730;ZAP. LISA GAMERS AZUL / VERDE / NEGRO 2;5;73300;TOM  ;5
7702080565754;ZAPATILLA LISA G-RACER VERDE/AZUL 1;3;78500;TOM  ;3
7702080565839;ZAP. LISA GAMERS AZUL / VERDE / NEGRO 2 ½;5;73300;TOM  ;5
7702080565938;ZAP. LISA GAMERS AZUL / VERDE / NEGRO 3 ½;5;73300;TOM  ;5
7702080565952;ZAPATILLA LISA G-RACER VERDE/AZUL 2 1/2;4;78500;TOM  ;4
7702080566010;ZAP. TORR. PROFASTER NEGRO/AMARILLO 10;1;75600;TOM  ;1
7702080566058;ZAPATILLA LISA G-RACER VERDE/AZUL 3 1/2;1;78500;TOM  ;1
7702080566119;ZAP. TORR. PROFASTER NEGRO/AMARILLO 11;1;75600;TOM  ;1
7702080566133;ZAP. LISA GAMERS AZUL / VERDE / NEGRO 5;1;73300;TOM  ;1
7702080566157;ZAPATILLA LISA G-RACER VERDE/AZUL 4 1/2;5;78500;TOM  ;5
7702080566218;ZAP. TORR. PROFASTER NEGRO/AMARILLO 11 1/2;1;75600;TOM  ;1
7702080566256;ZAPATILLA LISA G-RACER VERDE/AZUL 5;5;78500;TOM  ;5
7702080566355;ZAPATILLA LISA G-RACER AMARILLO/NEGRO 13;1;78500;TOM  ;1
7702080566454;ZAPATILLA LISA G-RACER AMARILLO/NEGRO 1;5;78500;TOM  ;5
7702080566553;ZAPATILLA LISA G-RACER AMARILLO/NEGRO 2;1;78500;TOM  ;1
7702080566751;ZAPATILLA LISA G-RACER AMARILLO/NEGRO 3 1/2;5;78500;TOM  ;5
7702080566850;ZAPATILLA LISA G-RACER AMARILLO/NEGRO 4 1/2;1;78500;TOM  ;1
7702080566959;ZAPATILLA LISA G-RACER AMARILLO/NEGRO 5;5;78500;TOM  ;5
7702080567055;ZAPATILLA LISA G-RACER GRIS/NEGRO/AZUL 13;5;78500;TOM  ;5
7702080567253;ZAPATILLA LISA G-RACER GRIS/NEGRO/AZUL 2;4;78500;TOM  ;4
7702080567635;ZAP. LISA GAMERS ROJO/AZUL/NEGRO 13;1;73300;TOM  ;1
7702080567734;ZAP. LISA GAMERS ROJO/AZUL/NEGRO 1;1;73300;TOM  ;1
7702080567833;ZAP. LISA GAMERS ROJO/AZUL/NEGRO 2;2;73300;TOM  ;2
7702080567857;ZAPATILLA LISA G-RACER GRIS/NARANJA 1;5;78500;TOM  ;5
7702080567932;ZAP. LISA GAMERS ROJO/AZUL/NEGRO 2 ½;4;73300;TOM  ;4
7702080567956;ZAPATILLA LISA G-RACER GRIS/NARANJA 2;4;78500;TOM  ;4
7702080568038;ZAP. LISA GAMERS ROJO/AZUL/NEGRO 3 ½;8;73300;TOM  ;8
7702080568052;ZAPATILLA LISA G-RACER GRIS/NARANJA 2 1/2;4;78500;TOM  ;4
7702080568113;ZAPAT. LISA PROFASTER VERDE / AZUL 10;1;79800;TOM  ;1
7702080568137;ZAP. LISA GAMERS ROJO/AZUL/NEGRO 4 ½;2;73300;TOM  ;2
7702080568151;ZAPATILLA LISA G-RACER GRIS/NARANJA 3 1/2;4;78500;TOM  ;4
7702080568212;ZAPAT. LISA PROFASTER VERDE / AZUL 11;3;79800;TOM  ;3
7702080568236;ZAP. LISA GAMERS ROJO/AZUL/NEGRO 5;5;73300;TOM  ;5
7702080568250;ZAPATILLA LISA G-RACER GRIS/NARANJA 4 1/2;2;78500;TOM  ;2
7702080568311;ZAPAT. LISA PROFASTER VERDE / AZUL 11 1/2;1;79800;TOM  ;1
7702080568335;GUAYO CLASSICS VERDE LIMON/AZUL 7 1/2 CAUCHO;7;85400;TOM  ;7
7702080568359;ZAPATILLA LISA G-RACER GRIS/NARANJA 5;2;78500;TOM  ;2
7702080568434;GUAYO CLASSICS  VERDE LIMON/AZUL 8 CAUCHO;6;85400;TOM  ;6
7702080568533;GUAYO CLASSICS  VERDE LIMON/AZUL 9 CAUCHO;7;85400;TOM  ;7
7702080568632;GUAYO CLASSICS  VERDE LIMON/AZUL 9 1/2 CAUCHO;3;85400;TOM  ;3
7702080568939;GUAYO CLASSICS  VERDE LIMON/AZUL 11 1/2 CAUCHO;1;85400;TOM  ;1
7702080569318;ZAPAT. LISA PROFASTER NEGRO / AMARILLO 9;1;79800;TOM  ;1
7702080569615;ZAPAT. LISA PROFASTER NEGRO / AMARILLO 11;1;79800;TOM  ;1
7702080569714;ZAPAT. LISA PROFASTER NEGRO / AMARILLO 11 1/2;1;79800;TOM  ;1
7702080570710;GUAYO SNIPER HX OUTDOOR NG/AM #37       ;1;60000;TOM  ;1
7702080571632;ZAP. TURF GAMERS AZUL / VERDE / NEGRO 3 ½;1;73300;TOM  ;1
7702080573711;GUAYO CLASSICS AZUL/VERDE 7 1/2 CAUCHO;1;85400;TOM  ;1
7702080573919;GUAYO CLASSICS AZUL/VERDE 9 CAUCHO;2;85400;TOM  ;2
7702080574114;GUAYO CLASSICS AZUL/VERDE 10 CAUCHO;7;85400;TOM  ;7
7702080574213;GUAYO CLASSICS AZUL/VERDE 11 CAUCHO;5;85400;TOM  ;5
7702080574411;GUAYO CLASSICS NARANJA/AMARILLO 7 1/2 CAUCHO;4;85400;TOM  ;4
7702080574510;GUAYO CLASSICS  NARANJA/AMARILLO 8 CAUCHO;2;85400;TOM  ;2
7702080574619;GUAYO CLASSICS  NARANJA/AMARILLO 9 CAUCHO;7;85400;TOM  ;7
7702080574718;GUAYO CLASSICS  NARANJA/AMARILLO 9 1/2 CAUCHO;5;85400;TOM  ;5
7702080574817;GUAYO CLASSICS NARANJA/AMARILLO 10 CAUCHO;2;85400;TOM  ;2
7702080575012;GUAYO CLASSICS NARANJA/AMARILLO 11 1/2 CAUCHO;5;85400;TOM  ;5
7702080575111;GUAYO CLASSICS BLANCO/PLATA 7 1/2 CAUCHO;7;85400;TOM  ;7
7702080575319;GUAYO CLASSICS BLANCO/PLATA 9 CAUCHO;1;85400;TOM  ;1
7702080575517;GUAYO CLASSICS BLANCO/PLATA 10 CAUCHO;4;85400;TOM  ;4
7702080575616;GUAYO CLASSICS BLANCO/PLATA 11 CAUCHO;6;85400;TOM  ;6
7702080575715;GUAYO CLASSICS BLANCO/PLATA 11 1/2 CAUCHO;6;85400;TOM  ;6
7702080576217;ZAPATILLA TORRETIN CLASSICS  VERDE LIMON/AZUL 10;1;88000;TOM  ;1
7702080576316;ZAPATILLA TORRETIN CLASSICS  VERDE LIMON/AZUL 11;2;88000;TOM  ;2
7702080576415;ZAPATILLA TORRETIN CLASSICS  VERDE LIMON/AZUL 11 1/2;4;88000;TOM  ;4
7702080576514;ZAPATILLA TORRETIN CLASSICS AZUL/VERDE 7 1/2;3;88000;TOM  ;3
7702080577016;ZAPATILLA TORRETIN CLASSICS AZUL/VERDE 11;2;88000;TOM  ;2
7702080577115;ZAPATILLA TORRETIN CLASSICS AZUL/VERDE 11 1/2;2;88000;TOM  ;2
7702080577214;ZAP. TORR. CLASSICS NARANJA/AMARILLO 7 1/2;3;88000;TOM  ;3
7702080577313;ZAP. TORR. CLASSICS  NARANJA/AMARILLO 8;1;88000;TOM  ;1
7702080577719;ZAPATILLA TORRETIN CLASSICS NARANJA/AMARILLO  11;6;88000;TOM  ;6
7702080577917;ZAPATILLA TORRETIN CLASSICS BLANCO/PLATA 7 1/2;2;88000;TOM  ;2
7702080578013;ZAPATILLA TORRETIN CLASSICS BLANCO/PLATA 8;1;88000;TOM  ;1
7702080578334;ZAPATILLA LISA CLASSICS VERDE LIMON/AZUL 7;2;94000;TOM  ;2
7702080578419;ZAPATILLA TORRETIN CLASSICS BLANCO/PLATA 11;3;88000;TOM  ;3
7702080578518;ZAPATILLA TORRETIN CLASSICS BLANCO/PLATA 11 1/2;2;88000;TOM  ;2
7702080578730;ZAPATILLA LISA CLASSICS  VERDE LIMON/AZUL 10;1;94000;TOM  ;1
7702080578815;ZAPATILLA LISA CLASSICS AZUL/VERDE 8 1/2;1;94000;TOM  ;1
7702080578914;ZAPATILLA LISA CLASSICS AZUL/VERDE 9 1/2;1;94000;TOM  ;1
7702080579010;ZAPATILLA LISA CLASSICS AZUL/VERDE 10;3;94000;TOM  ;3
7702080579133;ZAPATILLA LISA CLASSICS  NARANJA/AMARILLO 8;3;94000;TOM  ;3
7702080579331;ZAPATILLA LISA CLASSICS NARANJA/AMARILLO 9 1/2;2;94000;TOM  ;2
7702080579416;ZAPATILLA LISA CLASSICS BLANCO/PLATA 8;1;94000;TOM  ;1
7702080579539;ZAPATILLA LISA CLASSICS NARANJA/AMARILLO 10 1/2;3;94000;TOM  ;3
7702080579614;ZAPATILLA LISA CLASSICS BLANCO/PLATA 9 1/2;7;94000;TOM  ;7
7702080579713;ZAPATILLA LISA CLASSICS BLANCO/PLATA 10;2;94000;TOM  ;2
7702080579812;ZAPATILLA LISA CLASSICS BLANCO/PLATA 10 1/2;1;94000;TOM  ;1
7702080596536;GUAYO SUPER NOVA NEGRO/AMARILLO 37      ;1;74500;TOM  ;1
7702080596734;GUAYO SUPER NOVA NEGRO/AMARILLO 39      ;1;74500;TOM  ;1
7702080600516;CANILLERA COMPETITION GOLTY CLASSICS -TM;7;27000;TOM  ;7
7702080600615;CANILLERA COMPETITION GOLTY CLASSICS -TS;2;27000;TOM  ;2
7702080600639;CANILLERA FUSION PROFESSIONAL L         ;3;36300;TOM  ;3
7702080600813;GUANTE TRAINING GUANTE GOLTY GAMERS T6;3;33800;TOM  ;3
7702080600837;GUANTE FUSION PROFESSIONAL 9            ;3;91400;TOM  ;3
7702080600912;GUANTE TRAINING GUANTE GOLTY GAMERS T7;6;33800;TOM  ;6
7702080601315;CANILLERA  TRAINING GOLTY GAMERS TXS;29;14300;TOM  ;29
7702080601414;CANILLERA TRAINING GOLTY GAMERS TS;2;14300;TOM  ;2
7702080601612;CANILLERA  TRAINING GOLTY GAMERS TM;6;14300;TOM  ;6
7702080601629;CANILLERA GOLTY TRAINING NX M 2a;13;6700;TOM  ;13
7702080605115;GUANTE PROFESIONAL STICKY #11           ;9;34500;TOM  ;9
7702080605610;GUANTE PROFESIONAL T9;3;98000;TOM  ;3
7702080605719;GUANTE PROFESIONAL T10;3;98000;TOM  ;3
7702080605726;GUANTE GOLTY COMPETITION 6 2a           ;1;55200;TOM  ;1
7702080605818;GUANTE PROFESIONAL T11;4;98000;TOM  ;4
7702080605917;GUANTE PROFESIONAL T8;4;98000;TOM  ;4
7702080607812;GUANTE PROFESIONAL ULTRA STRONG # 11    ;4;72400;TOM  ;4
7702080608215;CANILLERA PROFESIONAL TS;9;41000;TOM  ;9
7702080608314;CANILLERA PROFESIONAL TM;14;41000;TOM  ;14
7702080608413;CANILLERA PROFESIONAL TL;8;41000;TOM  ;8
7702080608918;GUANTE COMPETITION GOLTY CLASSICS T8;6;64100;TOM  ;6
7702080608925;GUANTEPROFESIONALNX # 8 2a;2;36300;TOM  ;2
7702080609014;GUANTE COMPETITION GOLTY CLASSICS T9;7;64100;TOM  ;7
7702080609113;GUANTE COMPETITION GOLTY CLASSICS T10;5;64100;TOM  ;5
7702080609212;GUANTE COMPETITION GOLTY CLASSICS T11;8;64100;TOM  ;8
7702080609311;GUANTE COMPETITION GOLTY CLASSICS T5;3;64100;TOM  ;3
7702080609410;GUANTE COMPETITION GOLTY CLASSICS T6;4;64100;TOM  ;4
7702080609519;GUANTE COMPETITION GOLTY CLASSICS T7;6;64100;TOM  ;6
7702080609526;GUANTE POINT COMPETITION  -T7 2a;1;14950;TOM  ;1
7702080612137;MEDIAS GOLTY BLANCO T. 10-12 M;3;12000;TOM  ;3
7702080612335;MEDIAS GOLTY AZUL T. 10-12 M;12;12000;TOM  ;12
7702080650153;FUTBOL PRO GOLTY DUALTECH TRADITIONAL N.5;1;77550;TOM  ;1
7702080650252;FUTBOL PRO GOLTY DUALTECH TRADITIONAL  N.4;4;75900;TOM  ;4
7702080650351;FUTBOL GOLTY HINCHA AMERICA N.5 COS MAQ;5;40700;TOM  ;5
7702080650450;FUTBOL GOLTY HINCHA AMERICA N.1 COS MAQ;1;20850;TOM  ;1
7702080650528;FUTBOL No. 5 COMPETITION LAMINADO 2a    ;6;34300;TOM  ;6
7702080650757;FUTBOL GOLTY HINCHA DIM N.5 COS MAQ;3;40700;TOM  ;3
7702080650856;FUTBOL GOLTY HINCHA DIM N.1 COS MAQ;2;20850;TOM  ;2
7702080650917;FUTBOL No. 4 TRAINING LAMINADO          ;5;56000;TOM  ;5
7702080650924;FUTBOL No. 4 TRAINING LAMINADO 2a       ;6;30800;TOM  ;6
7702080651013;FUTBOL No. 3 TRAINING LAMINADO          ;1;55000;TOM  ;1
7702080651020;FUTBOL No. 3 TRAINING LAMINADO2a        ;2;45850;TOM  ;2
7702080651259;FUTBOL GOLTY HINCHA JUNIOR NO.5 COS MAQ;2;40700;TOM  ;2
7702080651358;FUTBOL GOLTY HINCHA JUNIOR NO.1 COS MAQ;3;20850;TOM  ;3
7702080651372;FUTBOL PROFESSIONAL EUFORIA CMI No.5 PLUS;6;155200;TOM  ;6
7702080651426;GOLTY FUSION REPLICA No5 COSIDO A MAQ 2a;2;28450;TOM  ;2
7702080651457;FUTBOL GOLTY HINCHA MILLONARIOS N.5 COS MAQ;3;40700;TOM  ;3
7702080651556;FUTBOL GOLTY HINCHA MILLONARIOS N.1 COS MAQ;1;20850;TOM  ;1
7702080651570;FUTBOL REPLICA GOLTY EUFORIA No.5;1;49000;TOM  ;1
7702080651655;FUTBOL GOLTY HINCHA CALI NO.5 COS MAQ;2;40700;TOM  ;2
7702080651679;FUTBOL COLECCIONABLE GOLTY EUFORIA  No.1;5;25900;TOM  ;5
7702080651716;GOLTY TUCHIN NO.1 COSIDO A MAQUINA      ;2;15000;TOM  ;2
7702080652430;BALON REPLICA No.1 DORADO               ;1;15000;TOM  ;1
7702080652577;FUTBOL PROFESSIONAL GOLTY VITA No.5;9;155200;TOM  ;9
7702080652645;BALON GOLTY HINCHA SELECCION COLOMBIA 2a;1;18100;TOM  ;1
7702080652652;FUTBOL PROFES GOLTY MAGNUM GRIS COS MAN NO.5 M;5;99500;TOM  ;5
7702080653055;FUTBOL PROFESSIONAL GOLTY EUFORIA 2.0 N.5;9;1678000;TOM  ;9
7702080654212;FUTBOL NO.3 GOLTY DYNAMIC COLORES       ;1;51500;TOM  ;1
7702080654229;FUTBOL NO.3 GOLTY DYNAMIC COLORES 2a    ;3;32900;TOM  ;3
7702080654342;BALON GOLTY HINCHA No.1 MILLONARIOS 2a;1;29400;TOM  ;1
7702080654472;KIT GOLTY HINCHA No.5 Y No.1;43;29150;TOM  ;43
7702080655172;FUTBOL PROFESSIONAL GOLTY INVICTUS THERMOTECH  NO.5;4;129350;TOM  ;4
7702080655271;FUTBOL PROFESSIONAL GOLTY INVICTUS THERMOTECH  NO.4;3;99500;TOM  ;3
7702080655639;BALON GOLTY FUSION  No 4 CMI            ;1;99500;TOM  ;1
7702080655646;BALON GOLTY FUSION  No 4 CMI 2a;2;68600;TOM  ;2
7702080655752;FUTBOL GOLTY FUSION COSIDO A MANO NO.5;3;126300;TOM  ;3
7702080657572;FUTBOL PRO  GOLTY NEO DUALTECH NO. 5;1;77000;TOM  ;1
7702080657671;FUTBOL PRO  GOLTY NEO DUALTECH NO. 4;8;72600;TOM  ;8
7702080657718;BALON GOLTY HINCHA 5 LAMINADO ONCECALDAS;2;65500;TOM  ;2
7702080657770;FUTBOL PRO  GOLTY NEO DUALTECH NO. 3;1;68750;TOM  ;1
7702080657930;BALON ENERGY No 5;40;11000;TOM  ;40
7702080658425;BALON GOLTY HINCHA5 LAMINADO SANTA FE 2a;1;38500;TOM  ;1
7702080658432;FUTBOL GOLTY GAMBETA NO.5 COS. MAQ;5;40200;TOM  ;5
7702080658623;FUTBOLNo. 5 LAMINADO COLORES 2a         ;3;31150;TOM  ;3
7702080658630;FUTBOL GOLTY GAMBETA NO.3 COS. MAQ;3;36200;TOM  ;3
7702080658838;FUTBOL GOLTY INVICTUS No 1 COS. MAQ;2;21100;TOM  ;2
7702080659415;FUTBOL No. 4 EL DORADO CMI;2;99500;TOM  ;2
7702080659422;FUTBOL # 4 EL DORADO CMI 2a             ;21;63400;TOM  ;21
7702080659439;FUTBOL PROFESSIONAL  GOLTY INVICTUS No. 4 CMI;1;99500;TOM  ;1
7702080659552;FUTBOL COMPETITION GOLTY G32 No.4;4;53350;TOM  ;4
7702080659569;FUTBOL COMPETITION GOLTY G32 No.4 2a;4;37350;TOM  ;4
7702080659644;FUTBOL PRO GOLTY DUALTECH N.5 2a;2;53900;TOM  ;2
7702080659668;FUTBOL COMPETITION GOLTY G32 No.3 2a;2;34500;TOM  ;2
7702080659750;FUTBOL COMPETITION GOLTY STREET NO.5;8;58300;TOM  ;8
7702080661012;MICROFUTBOL TRAINING LAMINADO           ;2;55000;TOM  ;2
7702080665225;MICROFUTBOL PROFESSIONAL - INDOOR 2a    ;3;33000;TOM  ;3
7702080665348;FUTBOL SALA PROFESSIONAL  GOLTY MAGNUM 2a;1;61200;TOM  ;1
7702080666321;MICROFUTBOL PROFESIONAL FUSION 2a;1;63200;TOM  ;1
7702080667328;FUTBOL SALA EL DORADO CMI2a             ;2;54600;TOM  ;2
7702080669810;FUTBOL SALA PROFESSIONAL GOLTY MAGNUM II;9;93000;TOM  ;9
7702080671110;BALONCESTO TRAINING BCV5 CAUCHO         ;2;32000;TOM  ;2
7702080671141;BALONCESTO COMPETITION GOLTY STREET No 7 2a;1;21200;TOM  ;1
7702080720214;LYCRA GOLTY S.MANGA NEGRO L;5;36500;TOM  ;5
7702080720313;LYCRA GOLTY S.MANGA BLANCO S;5;36500;TOM  ;5
7702080720511;LYCRA GOLTY S.MANGA BLANCO L;5;36500;TOM  ;5
7702080720610;LYCRA GOLTY S.MANGA AZUL M;5;36500;TOM  ;5
7702080720719;LYCRA GOLTY S.MANGA AZUL L;3;36500;TOM  ;3
7702080720818;LYCRA GOLTY M.CORTA NEGRO S;9;40500;TOM  ;9
7702080721013;LYCRA GOLTY M.CORTA NEGRO L;3;40500;TOM  ;3
7702080721112;LYCRA GOLTY M.CORTA BLANCO M;5;40500;TOM  ;5
7702080721211;LYCRA GOLTY M.CORTA AZUL S;7;40550;TOM  ;7
7702080721310;LYCRA GOLTY M.CORTA AZUL L;4;40500;TOM  ;4
7702080722119;LYCRA GOLTY S.MANGA NEGRO M;5;36500;TOM  ;5
7702080722218;LYCRA GOLTY S.MANGA BLANCO M;2;36500;TOM  ;2
7702080722317;LYCRA GOLTY S.MANGA AZUL S;11;36500;TOM  ;11
7702080722416;LYCRA GOLTY M.CORTA NEGRO M;4;40500;TOM  ;4
7702080722515;LYCRA GOLTY M.CORTA BLANCO S;2;40500;TOM  ;2
7702080722614;LYCRA GOLTY M.CORTA BLANCO L;3;40500;TOM  ;3
7702080722713;LYCRA GOLTY M.CORTA AZUL M;4;40500;TOM  ;4
7702080723512;LYCRA GOLTY COMPRESSION SHORT  BLANCO L;1;35000;TOM  ;1
7702080795359;KIT CANILLERA POINT TS/MEDIAS GOLTY AZUL T10-12 M;1;22500;TOM  ;1
7702080795557;KIT GOLTY FUSION +GUANTE PROFESSIONAL T9;5;91400;TOM  ;5
7702080840134;INFLADOR GOLTY REF:CH-010P DOBLE ACCION ;6;7650;TOM  ;6
7702080848826;INFLADORGOLTYREF:CH-012P 2a             ;5;2500;TOM  ;5
7702080849519;MEDIDOR PRESION T.MANOMETRO REF:CJ-02   ;2;16000;TOM  ;2
